<?xml version="1.0" encoding="ASCII"?>
<!DOCTYPE test SYSTEM "buddy.dtd">

<!--Icons and stuff have either been taken from Neoplanet skin, 
	made by myselft (JavaGeek) or little bars about 50 pixels 
	of Kid's Whistler skin still left.
	Otherwise all the work of coding and such goes to me (some 
	code still left from Kid - which I assume cam from Cerulean.)-->

<trillian>
	<bitmap name="window" file="window.bmp"/>
	<bitmap name="buddy" file="buddy.bmp"/>
	<bitmap name="buddy-buttons" file="toolbar-buddy.bmp"/>
	<bitmap name="buddy-icons" file="icons-buddy.bmp"/>
	<bitmap name="scrollbar" file="scrollbar.bmp"/>
	<bitmap name="iconholder" file="serverIcons.bmp"/>
	<bitmap name="min" file="min.bmp"/>
		<skindesc name="Netscape 6" author="JavaGeek"
		email="JavaGeek@javaplus.cjb.net" webpage="http://216.232.116.107/Trillian.html"/>

	<component name="buddy" minx="200" miny="150">
		<mainregion>
		</mainregion>

		<resize type="all">
			<rtype type="upperleft">
				<region type="rectangle" combinetype="or">
					<rect>
						<left num="0" width="0"/>
						<right num="10" width="0"/>
						<top num="0" height="0"/>
						<bottom num="10" height="0"/>
					</rect>
				</region>
			</rtype>
			<rtype type="upperright">
				<region type="rectangle" combinetype="or">
					<rect>
						<left num="10" width="1"/>
						<right num="0" width="1"/>
						<top num="0" height="0"/>
						<bottom num="10" height="0"/>
					</rect>
				</region>
			</rtype>
			<rtype type="upper">
				<region type="rectangle" combinetype="or">
					<rect>
						<left num="10" width="0"/>
						<right num="10" width="1"/>
						<top num="0" height="0"/>
						<bottom num="5" height="0"/>
					</rect>
				</region>
			</rtype>
			<rtype type="right">
				<region type="rectangle" combinetype="or">
					<rect>
						<left num="10" width="1"/>
						<right num="0" width="1"/>
						<top num="10" height="0"/>
						<bottom num="10" height="1"/>
					</rect>
				</region>
			</rtype>

			<rtype type="left">
				<region type="rectangle" combinetype="or">
					<rect>
						<left num="0" width="0"/>
						<right num="10" width="0"/>
						<top num="10" height="0"/>
						<bottom num="10" height="1"/>
					</rect>
				</region>
			</rtype>

			<rtype type="lowerleft">
				<region type="rectangle" combinetype="or">
					<rect>
						<left num="0" width="0"/>
						<right num="10" width="0"/>
						<top num="10" height="1"/>
						<bottom num="0" height="1"/>
					</rect>
				</region>
			</rtype>

			<rtype type="lowerright">
				<region type="rectangle" combinetype="or">
					<rect>
						<left num="10" width="1"/>
						<right num="0" width="1"/>
						<top num="15" height="1"/>
						<bottom num="0" height="1"/>
					</rect>
				</region>
			</rtype>
			<rtype type="lower">
				<region type="rectangle" combinetype="or">
					<rect>
						<left num="10" width="0"/>
						<right num="10" width="1"/>
						<top num="10" height="1"/>
						<bottom num="0" height="1"/>
					</rect>
				</region>
			</rtype>
		</resize>

		<background name="upperleft">
			<source name="buddy" left="0" right="146" top="0" bottom="77"/>
			<rect>
				<left num="0" width="0"/>
				<right num="146" width="0"/>
				<top num="0" height="0"/>
				<bottom num="77" height="0"/>
			</rect>
		</background>
		<background name="upper">
			<source name="buddy" left="146" right="149" top="0" bottom="77"/>
			<rect>
				<left num="146" width="0"/>
				<right num="65" width="1"/>
				<top num="0" height="0"/>
				<bottom num="73" height="0"/>
			</rect>
		</background>
		<background name="upperright">
			<source name="buddy" left="149" right="214" top="0" bottom="77"/>
			<rect>
				<left num="65" width="1"/>
				<right num="0" width="1"/>
				<top num="0" height="0"/>
				<bottom num="77" height="0"/>
			</rect>
		</background>
		<background name="lowerleft">
			<source name="buddy" left="0" right="78" top="79" bottom="113"/>
			<rect>
				<left num="0" width="0"/>
				<right num="78" width="0"/>
				<top num="34" height="1"/>
				<bottom num="0" height="1"/>
			</rect>
		</background>
		<background name="lower">
			<source name="buddy" left="78" right="184" top="79" bottom="113"/>
			<rect>
				<left num="78" width="0"/>
				<right num="30" width="1"/>
				<top num="34" height="1"/>
				<bottom num="0" height="1"/>
			</rect>
		</background>
		<background name="lowerright">
			<source name="buddy" left="184" right="214" top="79" bottom="113"/>
			<rect>
				<left num="30" width="1"/>
				<right num="0" width="1"/>
				<top num="34" height="1"/>
				<bottom num="0" height="1"/>
			</rect>
		</background>
		<background name="left">
			<source name="buddy" left="0" right="12" top="77" bottom="79"/>
			<rect>
				<left num="0" width="0"/>
				<right num="12" width="0"/>
				<top num="77" height="0"/>
				<bottom num="34" height="1"/>
			</rect>
		</background>
		<background name="right">
			<source name="buddy" left="200" right="214" top="77" bottom="79"/>
			<rect>
				<left num="14" width="1"/>
				<right num="0" width="1"/>
				<top num="77" height="0"/>
				<bottom num="34" height="1"/>
			</rect>
		</background>

		<icontrol source="buddy-list" name="list" visible="1">
			<rect>
				<left num="10" width="0"/>
				<right num="29" width="1"/>
				<top num="76" height="0"/>
				<bottom num="33" height="1"/>
			</rect>
		</icontrol>

		<icontrol source="close-console" name="close" visible="1">
			<rect>
				<left num="22" width="1"/>
				<right num="4" width="1"/>
				<top num="5" height="0"/>
				<bottom num="23" height="0"/>
			</rect>
		</icontrol>
		<icontrol source="trillian-button" name="trillian-button" visible="1">
			<rect>
				<left num="8" width="0"/>
				<right num="28" width="0"/>
				<top num="42" height="0"/>
				<bottom num="73" height="0"/>
			</rect>
		</icontrol>
		<icontrol source="buddy-minimize" name="minimize" visible="1"> 
			<rect>
				<left num="8" width="0"/>
				<right num="59" width="0"/>
				<top num="27" height="1"/>
				<bottom num="11" height="1"/>
			</rect>
		</icontrol>
		<icontrol source="buddy-add" name="add" visible="1">
			<rect>
				<left num="28" width="0"/>
				<right num="53" width="0"/>
				<top num="42" height="0"/>
				<bottom num="73" height="0"/>
			</rect>
		</icontrol>
		<icontrol source="buddy-remove" name="remove" visible="1">
			<rect>
				<left num="53" width="0"/>
				<right num="79" width="0"/>
				<top num="42" height="0"/>
				<bottom num="73" height="0"/>
			</rect>
		</icontrol>
		<icontrol source="buddy-info" name="info" visible="1">
			<rect>
				<left num="79" width="0"/>
				<right num="106" width="0"/>
				<top num="42" height="0"/>
				<bottom num="73" height="0"/>
			</rect>
		</icontrol>
		<icontrol source="medium-icons" name="iconholder" visible="1">
			<rect>
				<left num="88" width="1"/>
				<top num="50" height="0"/>
				<right num="8" width="1"/>
				<bottom num="66" height="0"/>
			</rect>
		</icontrol>
		<icontrol source="scrollup-console" name="scrollup" visible="1">
			<rect>
				<left num="29" width="1"/>
				<right num="13" width="1"/>
				<top num="75" height="0"/>
				<bottom num="91" height="0"/>
			</rect>
		</icontrol>
		<icontrol source="scroll-console" name="scrollbar" visible="1">
			<rect>
				<left num="29" width="1"/>
				<right num="13" width="1"/>
				<top num="91" height="0"/>
				<bottom num="48" height="1"/>
			</rect>
		</icontrol>
		<icontrol source="scrolldown-console" name="scrolldown" visible="1">
			<rect>
				<left num="29" width="1"/>
				<right num="13" width="1"/>
				<top num="48" height="1"/>
				<bottom num="32" height="1"/>
			</rect>
		</icontrol>

	</component>

	<prefs>
		<control name="icons" type="icons">
			<icon name="online" type="normal">
				<source name="buddy-icons" left="0" top="0" right="18" bottom="18"/>
			</icon>
			<icon name="online" type="select">
				<source name="buddy-icons" left="18" top="0" right="36" bottom="18"/>
			</icon>
			<icon name="online" type="hover">
				<source name="buddy-icons" left="18" top="0" right="36" bottom="18"/>
			</icon>

			<icon name="recent-online" type="normal">
				<source name="buddy-icons" left="0" top="18" right="18" bottom="36"/>
			</icon>
			<icon name="recent-online" type="select">
				<source name="buddy-icons" left="18" top="18" right="36" bottom="36"/>
			</icon>
			<icon name="recent-online" type="hover">
				<source name="buddy-icons" left="18" top="18" right="36" bottom="36"/>
			</icon>

			<icon name="offline" type="normal">
				<source name="buddy-icons" left="0" top="36" right="18" bottom="54"/>
			</icon>
			<icon name="offline" type="select">
				<source name="buddy-icons" left="18" top="36" right="36" bottom="54"/>
			</icon>
			<icon name="offline" type="hover">
				<source name="buddy-icons" left="18" top="36" right="36" bottom="54"/>
			</icon>

			<icon name="recent-offline" type="normal">
				<source name="buddy-icons" left="0" top="54" right="18" bottom="72"/>
			</icon>
			<icon name="recent-offline" type="select">
				<source name="buddy-icons" left="18" top="54" right="36" bottom="72"/>
			</icon>
			<icon name="recent-offline" type="hover">
				<source name="buddy-icons" left="18" top="54" right="36" bottom="72"/>
			</icon>

			<icon name="maybe" type="normal">
				<source name="buddy-icons" left="0" top="72" right="18" bottom="90"/>
			</icon>
			<icon name="maybe" type="select">
				<source name="buddy-icons" left="18" top="72" right="36" bottom="90"/>
			</icon>
			<icon name="maybe" type="hover">
				<source name="buddy-icons" left="18" top="72" right="36" bottom="90"/>
			</icon>

			<icon name="away" type="normal">
				<source name="buddy-icons" left="0" top="90" right="18" bottom="108"/>
			</icon>
			<icon name="away" type="select">
				<source name="buddy-icons" left="18" top="90" right="36" bottom="108"/>
			</icon>
			<icon name="away" type="hover">
				<source name="buddy-icons" left="18" top="90" right="36" bottom="108"/>
			</icon>

			<icon name="many-online" type="normal">
				<source name="buddy-icons" left="0" top="108" right="18" bottom="126"/>
			</icon>
			<icon name="many-online" type="select">
				<source name="buddy-icons" left="18" top="108" right="36" bottom="126"/>
			</icon>
			<icon name="many-online" type="hover">
				<source name="buddy-icons" left="18" top="108" right="36" bottom="126"/>
			</icon>

			<icon name="alert" type="normal">
				<source name="buddy-icons" left="0" top="126" right="18" bottom="144"/>
			</icon>
			<icon name="alert" type="select">
				<source name="buddy-icons" left="18" top="126" right="36" bottom="144"/>
			</icon>
			<icon name="alert" type="hover">
				<source name="buddy-icons" left="18" top="126" right="36" bottom="144"/>
			</icon>

			<icon name="block" type="normal">
				<source name="buddy-icons" left="0" top="144" right="18" bottom="162"/>
			</icon>
			<icon name="block" type="select">
				<source name="buddy-icons" left="18" top="144" right="36" bottom="162"/>
			</icon>
			<icon name="block" type="hover">
				<source name="buddy-icons" left="18" top="144" right="36" bottom="162"/>
			</icon>

			<icon name="warning" type="normal">
				<source name="buddy-icons" left="0" top="162" right="18" bottom="180"/>
			</icon>
			<icon name="warning" type="select">
				<source name="buddy-icons" left="18" top="162" right="36" bottom="180"/>
			</icon>
			<icon name="warning" type="hover">
				<source name="buddy-icons" left="18" top="162" right="36" bottom="180"/>
			</icon>



			<icon name="0" type="normal">
				<source name="buddy-icons" left="36" top="0" right="54" bottom="18"/>
			</icon>
			<icon name="0" type="select">
				<source name="buddy-icons" left="54" top="0" right="72" bottom="18"/>
			</icon>
			<icon name="0" type="hover">
				<source name="buddy-icons" left="54" top="0" right="72" bottom="18"/>
			</icon>

			<icon name="2" type="normal">
				<source name="buddy-icons" left="36" top="18" right="54" bottom="36"/>
			</icon>
			<icon name="2" type="select">
				<source name="buddy-icons" left="54" top="18" right="72" bottom="36"/>
			</icon>
			<icon name="2" type="hover">
				<source name="buddy-icons" left="54" top="18" right="72" bottom="36"/>
			</icon>

			<icon name="1" type="normal">
				<source name="buddy-icons" left="36" top="36" right="54" bottom="54"/>
			</icon>
			<icon name="1" type="select">
				<source name="buddy-icons" left="54" top="36" right="72" bottom="54"/>
			</icon>
			<icon name="1" type="hover">
				<source name="buddy-icons" left="54" top="36" right="72" bottom="54"/>
			</icon>

			<icon name="3" type="normal">
				<source name="buddy-icons" left="36" top="54" right="54" bottom="72"/>
			</icon>
			<icon name="3" type="select">
				<source name="buddy-icons" left="54" top="54" right="72" bottom="72"/>
			</icon>
			<icon name="3" type="hover">
				<source name="buddy-icons" left="54" top="54" right="72" bottom="72"/>
			</icon>

			<icon name="4" type="normal">
				<source name="buddy-icons" left="36" top="72" right="54" bottom="90"/>
			</icon>
			<icon name="4" type="select">
				<source name="buddy-icons" left="54" top="72" right="72" bottom="90"/>
			</icon>
			<icon name="4" type="hover">
				<source name="buddy-icons" left="54" top="72" right="72" bottom="90"/>
			</icon>

		</control>

		<control name="sounds" type="sounds">
			<sound file="online.wav" type="online"/>
			<sound file="offline.wav" type="offline"/>
			<sound file="online.wav" type="maybe"/>
		</control>

		<control name="buddy-list" type="list">
			<color name="hover-back"  red="0"  green="0"   blue="0"/>
			<color name="hover-fore"  red="255" green="255" blue="255"/>
			<color name="select-back" red="0"  green="0"   blue="0"/>
			<color name="select-fore" red="255" green="255" blue="255"/>
			<color name="normal-back" red="0"   green="0"  blue="0"/>
			<color name="normal-fore" red="207" green="207" blue="207"/>
			<color name="idle-fore" red="128" green="128" blue="128"/>
			<!-- Start 0.635 -->
			<color name="online-fore" red="207" green="207" blue="207"/>
			<color name="recent-online-fore" red="100" green="150" blue="255"/>
			<color name="recent-offline-fore" red="255" green="150" blue="150"/>
			<color name="idle-fore" red="128" green="128" blue="128"/>
			<color name="away-fore" red="155" green="180" blue="207"/>
			<color name="maybe-fore" red="200" green="200" blue="200"/>
			<color name="many-fore" red="190" green="240" blue="255"/>
			<color name="blocked-fore" red="100" green="0" blue="0"/>
			<!-- End 0.635 -->
		</control>	
		<!-- .635 ***66666***33333**55555*****************
		*************6***********3**5*********************
		*************66666***33333**55555*****************
		*********..**6***6*******3******5*****************
		*********..**66666***33333**55555*****************-->
		<control name="medium-icons" type="iconholder">

			<icon name="ICQ" type="online" state="menu">
				<source name="iconholder" left="86" top="17" right="102" bottom="33"/>
			</icon>
			<icon name="ICQ" type="online" state="push">
				<source name="iconholder" left="86" top="17" right="102" bottom="33"/>
			</icon>
			<icon name="ICQ" type="online" state="flat">
				<source name="iconholder" left="0" top="17" right="16" bottom="33"/>
			</icon>
			<icon name="ICQ" type="online" state="hover">
				<source name="iconholder" left="0" top="17" right="16" bottom="33"/>
			</icon>

			<icon name="ICQ" type="offline" state="menu">
				<source name="iconholder" left="86" top="0" right="102" bottom="16"/>
			</icon>
			<icon name="ICQ" type="offline" state="push">
				<source name="iconholder" left="86" top="0" right="102" bottom="16"/>
			</icon>
			<icon name="ICQ" type="offline" state="flat">
				<source name="iconholder" left="0" top="0" right="16" bottom="16"/>
			</icon>
			<icon name="ICQ" type="offline" state="hover">
				<source name="iconholder" left="0" top="0" right="16" bottom="16"/>
			</icon>

			<icon name="ICQ" type="away" state="menu">
				<source name="iconholder" left="86" top="51" right="102" bottom="67"/>
			</icon>
			<icon name="ICQ" type="away" state="push">
				<source name="iconholder" left="86" top="51" right="102" bottom="67"/>
			</icon>
			<icon name="ICQ" type="away" state="flat">
				<source name="iconholder" left="0" top="51" right="16" bottom="67"/>
			</icon>
			<icon name="ICQ" type="away" state="hover">
				<source name="iconholder" left="0" top="51" right="16" bottom="67"/>
			</icon>

			<icon name="ICQ" type="invisible" state="menu">
				<source name="iconholder" left="86" top="68" right="102" bottom="84"/>
			</icon>
			<icon name="ICQ" type="invisible" state="push">
				<source name="iconholder" left="86" top="68" right="102" bottom="84"/>
			</icon>
			<icon name="ICQ" type="invisible" state="flat">
				<source name="iconholder" left="0" top="68" right="16" bottom="84"/>
			</icon>
			<icon name="ICQ" type="invisible" state="hover">
				<source name="iconholder" left="0" top="68" right="16" bottom="84"/>
			</icon>

			<icon name="ICQ" type="free for chat" state="menu">
				<source name="iconholder" left="86" top="102" right="102" bottom="118"/>
			</icon>
			<icon name="ICQ" type="free for chat" state="push">
				<source name="iconholder" left="86" top="102" right="102" bottom="118"/>
			</icon>
			<icon name="ICQ" type="free for chat" state="flat">
				<source name="iconholder" left="0" top="102" right="16" bottom="118"/>
			</icon>
			<icon name="ICQ" type="free for chat" state="hover">
				<source name="iconholder" left="0" top="102" right="16" bottom="118"/>
			</icon>

			<icon name="ICQ" type="not available" state="menu">
				<source name="iconholder" left="103" top="102" right="119" bottom="118"/>
			</icon>
			<icon name="ICQ" type="not available" state="push">
				<source name="iconholder" left="103" top="102" right="119" bottom="118"/>
			</icon>
			<icon name="ICQ" type="not available" state="flat">
				<source name="iconholder" left="17" top="102" right="33" bottom="118"/>
			</icon>
			<icon name="ICQ" type="not available" state="hover">
				<source name="iconholder" left="17" top="102" right="33" bottom="118"/>
			</icon>

			<icon name="ICQ" type="occupied" state="menu">
				<source name="iconholder" left="120" top="102" right="136" bottom="118"/>
			</icon>
			<icon name="ICQ" type="occupied" state="push">
				<source name="iconholder" left="120" top="102" right="136" bottom="118"/>
			</icon>
			<icon name="ICQ" type="occupied" state="flat">
				<source name="iconholder" left="34" top="102" right="50" bottom="118"/>
			</icon>
			<icon name="ICQ" type="occupied" state="hover">
				<source name="iconholder" left="34" top="102" right="50" bottom="118"/>
			</icon>

			<icon name="ICQ" type="dnd" state="menu">
				<source name="iconholder" left="137" top="102" right="153" bottom="118"/>
			</icon>
			<icon name="ICQ" type="dnd" state="push">
				<source name="iconholder" left="137" top="102" right="153" bottom="118"/>
			</icon>
			<icon name="ICQ" type="dnd" state="flat">
				<source name="iconholder" left="51" top="102" right="67" bottom="118"/>
			</icon>
			<icon name="ICQ" type="dnd" state="hover">
				<source name="iconholder" left="51" top="102" right="67" bottom="118"/>
			</icon>

			<icon name="ICQ" type="mixed" state="menu">
				<source name="iconholder" left="2" top="85" right="22" bottom="101"/>
			</icon>
			<icon name="ICQ" type="mixed" state="push">
				<source name="iconholder" left="254" top="85" right="274" bottom="101"/>
			</icon>
			<icon name="ICQ" type="mixed" state="flat">
				<source name="iconholder" left="2" top="85" right="22" bottom="101"/>
			</icon>
			<icon name="ICQ" type="mixed" state="hover">
				<source name="iconholder" left="128" top="85" right="148" bottom="101"/>
			</icon>

			<icon name="AIM" type="online" state="menu">
				<source name="iconholder" left="120" top="17" right="136" bottom="33"/>
			</icon>
			<icon name="AIM" type="online" state="push">
				<source name="iconholder" left="120" top="17" right="136" bottom="33"/>
			</icon>
			<icon name="AIM" type="online" state="flat">
				<source name="iconholder" left="34" top="17" right="50" bottom="33"/>
			</icon>
			<icon name="AIM" type="online" state="hover">
				<source name="iconholder" left="34" top="17" right="50" bottom="33"/>
			</icon>

			<icon name="AIM" type="offline" state="menu">
				<source name="iconholder" left="120" top="0" right="136" bottom="16"/>
			</icon>
			<icon name="AIM" type="offline" state="push">
				<source name="iconholder" left="120" top="0" right="136" bottom="16"/>
			</icon>
			<icon name="AIM" type="offline" state="flat">
				<source name="iconholder" left="34" top="0" right="50" bottom="16"/>
			</icon>
			<icon name="AIM" type="offline" state="hover">
				<source name="iconholder" left="34" top="0" right="50" bottom="16"/>
			</icon>

			<icon name="AIM" type="away" state="menu">
				<source name="iconholder" left="120" top="51" right="136" bottom="67"/>
			</icon>
			<icon name="AIM" type="away" state="push">
				<source name="iconholder" left="120" top="51" right="136" bottom="67"/>
			</icon>
			<icon name="AIM" type="away" state="flat">
				<source name="iconholder" left="34" top="51" right="50" bottom="67"/>
			</icon>
			<icon name="AIM" type="away" state="hover">
				<source name="iconholder" left="34" top="51" right="50" bottom="67"/>
			</icon>

			<icon name="AIM" type="idle" state="menu">
				<source name="iconholder" left="120" top="34" right="136" bottom="50"/>
			</icon>
			<icon name="AIM" type="idle" state="push">
				<source name="iconholder" left="120" top="34" right="136" bottom="50"/>
			</icon>
			<icon name="AIM" type="idle" state="flat">
				<source name="iconholder" left="34" top="34" right="50" bottom="50"/>
			</icon>
			<icon name="AIM" type="idle" state="hover">
				<source name="iconholder" left="34" top="34" right="50" bottom="50"/>
			</icon>

			<icon name="AIM" type="mixed" state="menu">
				<source name="iconholder" left="120" top="85" right="136" bottom="101"/>
			</icon>
			<icon name="AIM" type="mixed" state="push">
				<source name="iconholder" left="120" top="85" right="136" bottom="101"/>
			</icon>
			<icon name="AIM" type="mixed" state="flat">
				<source name="iconholder" left="34" top="85" right="50" bottom="101"/>
			</icon>
			<icon name="AIM" type="mixed" state="hover">
				<source name="iconholder" left="34" top="85" right="50" bottom="101"/>
			</icon>

			<icon name="MSN" type="online" state="menu">
				<source name="iconholder" left="137" top="17" right="153" bottom="33"/>
			</icon>
			<icon name="MSN" type="online" state="push">
				<source name="iconholder" left="137" top="17" right="153" bottom="33"/>
			</icon>
			<icon name="MSN" type="online" state="flat">
				<source name="iconholder" left="51" top="17" right="67" bottom="33"/>
			</icon>
			<icon name="MSN" type="online" state="hover">
				<source name="iconholder" left="51" top="17" right="67" bottom="33"/>
			</icon>

			<icon name="MSN" type="offline" state="menu">
				<source name="iconholder" left="137" top="0" right="153" bottom="16"/>
			</icon>
			<icon name="MSN" type="offline" state="push">
				<source name="iconholder" left="137" top="0" right="153" bottom="16"/>
			</icon>
			<icon name="MSN" type="offline" state="flat">
				<source name="iconholder" left="51" top="0" right="67" bottom="16"/>
			</icon>
			<icon name="MSN" type="offline" state="hover">
				<source name="iconholder" left="51" top="0" right="67" bottom="16"/>
			</icon>

			<icon name="MSN" type="away" state="menu">
				<source name="iconholder" left="137" top="51" right="153" bottom="67"/>
			</icon>
			<icon name="MSN" type="away" state="push">
				<source name="iconholder" left="137" top="51" right="153" bottom="67"/>
			</icon>
			<icon name="MSN" type="away" state="flat">
				<source name="iconholder" left="51" top="51" right="67" bottom="67"/>
			</icon>
			<icon name="MSN" type="away" state="hover">
				<source name="iconholder" left="51" top="51" right="67" bottom="67"/>
			</icon>

			<icon name="MSN" type="invisible" state="menu">
				<source name="iconholder" left="137" top="68" right="153" bottom="84"/>
			</icon>
			<icon name="MSN" type="invisible" state="push">
				<source name="iconholder" left="137" top="68" right="153" bottom="84"/>
			</icon>
			<icon name="MSN" type="invisible" state="flat">
				<source name="iconholder" left="51" top="68" right="67" bottom="84"/>
			</icon>
			<icon name="MSN" type="invisible" state="hover">
				<source name="iconholder" left="51" top="68" right="67" bottom="84"/>
			</icon>

			<icon name="MSN" type="idle" state="menu">
				<source name="iconholder" left="137" top="34" right="153" bottom="50"/>
			</icon>
			<icon name="MSN" type="idle" state="push">
				<source name="iconholder" left="137" top="34" right="153" bottom="50"/>
			</icon>
			<icon name="MSN" type="idle" state="flat">
				<source name="iconholder" left="51" top="34" right="67" bottom="50"/>
			</icon>
			<icon name="MSN" type="idle" state="hover">
				<source name="iconholder" left="51" top="34" right="67" bottom="50"/>
			</icon>

			<icon name="MSN" type="mixed" state="menu">
				<source name="iconholder" left="137" top="85" right="153" bottom="101"/>
			</icon>
			<icon name="MSN" type="mixed" state="push">
				<source name="iconholder" left="137" top="85" right="153" bottom="101"/>
			</icon>
			<icon name="MSN" type="mixed" state="flat">
				<source name="iconholder" left="51" top="85" right="67" bottom="101"/>
			</icon>
			<icon name="MSN" type="mixed" state="hover">
				<source name="iconholder" left="51" top="85" right="67" bottom="101"/>
			</icon>

			<icon name="YAHOO" type="online" state="menu">
				<source name="iconholder" left="154" top="17" right="170" bottom="33"/>
			</icon>
			<icon name="YAHOO" type="online" state="push">
				<source name="iconholder" left="154" top="17" right="170" bottom="33"/>
			</icon>
			<icon name="YAHOO" type="online" state="flat">
				<source name="iconholder" left="68" top="17" right="84" bottom="33"/>
			</icon>
			<icon name="YAHOO" type="online" state="hover">
				<source name="iconholder" left="68" top="17" right="84" bottom="33"/>
			</icon>

			<icon name="YAHOO" type="offline" state="menu">
				<source name="iconholder" left="154" top="0" right="170" bottom="16"/>
			</icon>
			<icon name="YAHOO" type="offline" state="push">
				<source name="iconholder" left="154" top="0" right="170" bottom="16"/>
			</icon>
			<icon name="YAHOO" type="offline" state="flat">
				<source name="iconholder" left="68" top="0" right="84" bottom="16"/>
			</icon>
			<icon name="YAHOO" type="offline" state="hover">
				<source name="iconholder" left="68" top="0" right="84" bottom="16"/>
			</icon>

			<icon name="YAHOO" type="away" state="menu">
				<source name="iconholder" left="154" top="51" right="170" bottom="67"/>
			</icon>
			<icon name="YAHOO" type="away" state="push">
				<source name="iconholder" left="154" top="51" right="170" bottom="67"/>
			</icon>
			<icon name="YAHOO" type="away" state="flat">
				<source name="iconholder" left="68" top="51" right="84" bottom="67"/>
			</icon>
			<icon name="YAHOO" type="away" state="hover">
				<source name="iconholder" left="68" top="51" right="84" bottom="67"/>
			</icon>

			<icon name="YAHOO" type="invisible" state="menu">
				<source name="iconholder" left="154" top="68" right="170" bottom="84"/>
			</icon>
			<icon name="YAHOO" type="invisible" state="push">
				<source name="iconholder" left="154" top="68" right="170" bottom="84"/>
			</icon>
			<icon name="YAHOO" type="invisible" state="flat">
				<source name="iconholder" left="68" top="68" right="84" bottom="84"/>
			</icon>
			<icon name="YAHOO" type="invisible" state="hover">
				<source name="iconholder" left="68" top="68" right="84" bottom="84"/>
			</icon>

			<icon name="YAHOO" type="idle" state="menu">
				<source name="iconholder" left="154" top="34" right="170" bottom="50"/>
			</icon>
			<icon name="YAHOO" type="idle" state="push">
				<source name="iconholder" left="154" top="34" right="170" bottom="50"/>
			</icon>
			<icon name="YAHOO" type="idle" state="flat">
				<source name="iconholder" left="68" top="34" right="84" bottom="50"/>
			</icon>
			<icon name="YAHOO" type="idle" state="hover">
				<source name="iconholder" left="68" top="34" right="84" bottom="50"/>
			</icon>

			<icon name="YAHOO" type="mixed" state="menu">
				<source name="iconholder" left="154" top="85" right="170" bottom="101"/>
			</icon>
			<icon name="YAHOO" type="mixed" state="push">
				<source name="iconholder" left="154" top="85" right="170" bottom="101"/>
			</icon>
			<icon name="YAHOO" type="mixed" state="flat">
				<source name="iconholder" left="68" top="85" right="84" bottom="101"/>
			</icon>
			<icon name="YAHOO" type="mixed" state="hover">
				<source name="iconholder" left="68" top="85" right="84" bottom="101"/>
			</icon>

			<icon name="IRC" type="online" state="menu">
				<source name="iconholder" left="103" top="17" right="119" bottom="33"/>
			</icon>
			<icon name="IRC" type="online" state="push">
				<source name="iconholder" left="103" top="17" right="119" bottom="33"/>
			</icon>
			<icon name="IRC" type="online" state="flat">
				<source name="iconholder" left="17" top="17" right="33" bottom="33"/>
			</icon>
			<icon name="IRC" type="online" state="hover">
				<source name="iconholder" left="17" top="17" right="33" bottom="33"/>
			</icon>

			<icon name="IRC" type="offline" state="menu">
				<source name="iconholder" left="103" top="0" right="119" bottom="16"/>
			</icon>
			<icon name="IRC" type="offline" state="push">
				<source name="iconholder" left="103" top="0" right="119" bottom="16"/>
			</icon>
			<icon name="IRC" type="offline" state="flat">
				<source name="iconholder" left="17" top="0" right="33" bottom="16"/>
			</icon>
			<icon name="IRC" type="offline" state="hover">
				<source name="iconholder" left="17" top="0" right="33" bottom="16"/>
			</icon>

			<icon name="IRC" type="away" state="menu">
				<source name="iconholder" left="103" top="51" right="119" bottom="67"/>
			</icon>
			<icon name="IRC" type="away" state="push">
				<source name="iconholder" left="103" top="51" right="119" bottom="67"/>
			</icon>
			<icon name="IRC" type="away" state="flat">
				<source name="iconholder" left="17" top="51" right="33" bottom="67"/>
			</icon>
			<icon name="IRC" type="away" state="hover">
				<source name="iconholder" left="17" top="51" right="33" bottom="67"/>
			</icon>

			<icon name="IRC" type="mixed" state="menu">
				<source name="iconholder" left="103" top="85" right="119" bottom="101"/>
			</icon>
			<icon name="IRC" type="mixed" state="push">
				<source name="iconholder" left="103" top="85" right="119" bottom="101"/>
			</icon>
			<icon name="IRC" type="mixed" state="flat">
				<source name="iconholder" left="17" top="85" right="106" bottom="101"/>
			</icon>
			<icon name="IRC" type="mixed" state="hover">
				<source name="iconholder" left="17" top="85" right="232" bottom="101"/>
			</icon>

			<color name="normal-back" red="207"  green="207" blue="207"/>
		</control>
		<control name="buddy-add" type="button">
			<background name="flat">
				<source name="buddy-buttons" left="20" right="45" top="0" bottom="31"/>
				<rect>
					<left num="0" width="0"/>
					<right num="0" width="1"/>
					<top num="0" height="0"/>
					<bottom num="0" height="1"/>
				</rect>
			</background>
			<background name="over">
				<source name="buddy-buttons" left="20" right="45" top="32" bottom="63"/>
				<rect>
					<left num="0" width="0"/>
					<right num="0" width="1"/>
					<top num="0" height="0"/>
					<bottom num="0" height="1"/>
				</rect>
			</background>
			<background name="push">
				<source name="buddy-buttons" left="20" right="45" top="64" bottom="95"/>
				<rect>
					<left num="0" width="0"/>
					<right num="0" width="1"/>
					<top num="0" height="0"/>
					<bottom num="0" height="1"/>
				</rect>
			</background>
			<mainregion>
			</mainregion>
			<cursor name="main" type="add"/>
		</control>	
		<control name="buddy-remove" type="button">
			<background name="flat">
				<source name="buddy-buttons" left="45" right="71" top="0" bottom="31"/>
				<rect>
					<left num="0" width="0"/>
					<right num="0" width="1"/>
					<top num="0" height="0"/>
					<bottom num="0" height="1"/>
				</rect>
			</background>
			<background name="over">
				<source name="buddy-buttons" left="45" right="71" top="32" bottom="63"/>
				<rect>
					<left num="0" width="0"/>
					<right num="0" width="1"/>
					<top num="0" height="0"/>
					<bottom num="0" height="1"/>
				</rect>
			</background>
			<background name="push">
				<source name="buddy-buttons" left="45" right="71" top="64" bottom="95"/>
				<rect>
					<left num="0" width="0"/>
					<right num="0" width="1"/>
					<top num="0" height="0"/>
					<bottom num="0" height="1"/>
				</rect>
			</background>
			<mainregion>
			</mainregion>
			<cursor name="main" type="remove"/>
		</control>	
		<control name="buddy-info" type="button">
			<background name="flat">
				<source name="buddy-buttons" left="71" right="98" top="0" bottom="31"/>
				<rect>
					<left num="0" width="0"/>
					<right num="0" width="1"/>
					<top num="0" height="0"/>
					<bottom num="0" height="1"/>
				</rect>
			</background>
			<background name="over">
				<source name="buddy-buttons" left="71" right="98" top="32" bottom="63"/>
				<rect>
					<left num="0" width="0"/>
					<right num="0" width="1"/>
					<top num="0" height="0"/>
					<bottom num="0" height="1"/>
				</rect>
			</background>
			<background name="push">
				<source name="buddy-buttons" left="71" right="98" top="64" bottom="95"/>
				<rect>
					<left num="0" width="0"/>
					<right num="0" width="1"/>
					<top num="0" height="0"/>
					<bottom num="0" height="1"/>
				</rect>
			</background>
			<mainregion>
			</mainregion>
			<cursor name="main" type="info"/>
		</control>		
		<control name="close-console" type="button">
			<background name="flat">
				<source name="window" left="62" right="80" top="531" bottom="549"/>
				<rect>
					<left num="0" width="0"/>
					<right num="0" width="1"/>
					<top num="0" height="0"/>
					<bottom num="0" height="1"/>
				</rect>
			</background>
			<background name="over">
				<source name="window" left="62" right="80" top="531" bottom="549"/>
				<rect>
					<left num="0" width="0"/>
					<right num="0" width="1"/>
					<top num="0" height="0"/>
					<bottom num="0" height="1"/>
				</rect>
			</background>
			<background name="push">
				<source name="window" left="80" right="98" top="531" bottom="549"/>
				<rect>
					<left num="0" width="0"/>
					<right num="0" width="1"/>
					<top num="0" height="0"/>
					<bottom num="0" height="1"/>
				</rect>
			</background>
			<mainregion>
			</mainregion>
			<cursor name="main" type="minimize"/>
		</control>	

		<control name="scrollup-console" type="button">
			<background name="flat">
				<source name="scrollbar" left="40" right="56" top="0" bottom="16"/>
				<rect><left num="0" width="0"/><right num="0" width="1"/><top num="0" height="0"/><bottom num="0" height="1"/></rect>
			</background>
			<background name="push">
				<source name="scrollbar" left="57" right="73" top="0" bottom="16"/>
				<rect><left num="0" width="0"/><right num="0" width="1"/><top num="0" height="0"/><bottom num="0" height="1"/></rect>
			</background>
			<background name="over">
				<source name="scrollbar" left="74" right="90" top="0" bottom="16"/>
				<rect><left num="0" width="0"/><right num="0" width="1"/><top num="0" height="0"/><bottom num="0" height="1"/></rect>
			</background>
		</control>
		
		<control name="scrolldown-console" type="button">
			<background name="flat">
				<source name="scrollbar" left="40" right="56" top="54" bottom="70"/>
				<rect><left num="0" width="0"/><right num="0" width="1"/><top num="0" height="0"/><bottom num="0" height="1"/></rect>
			</background>
			<background name="push">
				<source name="scrollbar" left="57" right="73" top="54" bottom="70"/>
				<rect><left num="0" width="0"/><right num="0" width="1"/><top num="0" height="0"/><bottom num="0" height="1"/></rect>
			</background>
			<background name="over">
				<source name="scrollbar" left="74" right="90" top="54" bottom="70"/>
				<rect><left num="0" width="0"/><right num="0" width="1"/><top num="0" height="0"/><bottom num="0" height="1"/></rect>
			</background>
		</control>

		<control name="scroll-console" type="scrollbar">
			<background name="background">
				<source name="scrollbar" left="0" right="16" top="0" bottom="10"/>
				<rect><left num="0" width="0"/><right num="0" width="1"/><top num="0" height="0"/><bottom num="0" height="1"/></rect>
			</background>

			<background name="top_thumb_flat">
				<source name="scrollbar" left="40" right="56" top="16" bottom="18"/>
				<rect><left num="0" width="0"/><right num="0" width="1"/><top num="0" height="0"/><bottom num="0" height="1"/></rect>
			</background>
			<background name="mid_thumb_flat">
				<source name="scrollbar" left="40" right="56" top="19" bottom="20"/>
				<rect><left num="0" width="0"/><right num="0" width="1"/><top num="0" height="0"/><bottom num="0" height="1"/></rect>
			</background>
			<background name="bot_thumb_flat">
				<source name="scrollbar" left="40" right="56" top="51" bottom="53"/>
				<rect><left num="0" width="0"/><right num="0" width="1"/><top num="0" height="0"/><bottom num="0" height="1"/></rect>
			</background>

			<background name="top_thumb_push">
				<source name="scrollbar" left="40" right="56" top="16" bottom="18"/>
				<rect><left num="0" width="0"/><right num="0" width="1"/><top num="0" height="0"/><bottom num="0" height="1"/></rect>
			</background>
			<background name="mid_thumb_push">
				<source name="scrollbar" left="40" right="56" top="19" bottom="20"/>
				<rect><left num="0" width="0"/><right num="0" width="1"/><top num="0" height="0"/><bottom num="0" height="1"/></rect>
			</background>
			<background name="bot_thumb_push">
				<source name="scrollbar" left="40" right="56" top="51" bottom="53"/>
				<rect><left num="0" width="0"/><right num="0" width="1"/><top num="0" height="0"/><bottom num="0" height="1"/></rect>
			</background>

			<background name="top_thumb_over">
				<source name="scrollbar" left="40" right="56" top="16" bottom="18"/>
				<rect><left num="0" width="0"/><right num="0" width="1"/><top num="0" height="0"/><bottom num="0" height="1"/></rect>
			</background>
			<background name="mid_thumb_over">
				<source name="scrollbar" left="40" right="56" top="19" bottom="20"/>
				<rect><left num="0" width="0"/><right num="0" width="1"/><top num="0" height="0"/><bottom num="0" height="1"/></rect>
			</background>
			<background name="bot_thumb_over">
				<source name="scrollbar" left="40" right="56" top="51" bottom="53"/>
				<rect><left num="0" width="0"/><right num="0" width="1"/><top num="0" height="0"/><bottom num="0" height="1"/></rect>
			</background>

		</control>
		<control name="trillian-button" type="button"> 
			<background name="flat"> 
				<source name="buddy-buttons" left="0" right="20" top="0" bottom="31"/>
				<rect> 
					<left num="0" width="0"/> 
					<top num="0" height="0"/> 
					<right num="0" width="1"/> 
					<bottom num="0" height="1"/> 
				</rect> 
			</background> 
			<background name="over"> 
				<source name="buddy-buttons" left="0" right="20" top="32" bottom="63"/>  
				<rect> 
					<left num="0" width="0"/> 
					<top num="0" height="0"/> 
					<right num="0" width="1"/> 
					<bottom num="0" height="1"/> 
				</rect>
			</background> 
			<background name="push"> 
				<source name="buddy-buttons" left="0" right="20" top="64" bottom="95"/> 
				<rect> 
					<left num="0" width="0"/> 
					<top num="0" height="0"/> 
					<right num="0" width="1"/>
					<bottom num="0" height="1"/> 
				</rect> 
			</background> 
			
			<mainregion> 
			</mainregion> 
		
			<cursor name="main" type="close"/> 
		</control>
		<!-- Start 0.635 -->
		<control name="buddy-minimize" type="button"> 
			<background name="flat">
				<source name="min" left="0" right="51" top="0" bottom="16"/>
				<rect>
					<left num="0" width="0"/>
					<right num="0" width="1"/>
					<top num="0" height="0"/>
					<bottom num="0" height="1"/>
				</rect>
			</background>
			<background name="over">
				<source name="min" left="0" right="51" top="16" bottom="32"/>
				<rect>
					<left num="0" width="0"/>
					<right num="0" width="1"/>
					<top num="0" height="0"/>
					<bottom num="0" height="1"/>
				</rect>
			</background>
			<background name="push">
				<source name="min" left="0" right="51" top="32" bottom="48"/>
				<rect>
					<left num="0" width="0"/>
					<right num="0" width="1"/>
					<top num="0" height="0"/>
					<bottom num="0" height="1"/>
				</rect>
			</background>
			<mainregion></mainregion> 
			<cursor name="main" type="minimize"/> 
		</control>
	</prefs>
</trillian>
