<?xml version="1.0" encoding="ASCII"?>
<!DOCTYPE test SYSTEM "dcc.dtd">


<!--Icons and stuff have either been taken from Neoplanet skin, 
	made by myselft (JavaGeek) or little bars about 50 pixels 
	of Kid's Whistler skin still left.
	Otherwise all the work of coding and such goes to me (some 
	code still left from Kid - which I assume cam from Cerulean.)

Basic Instructions:


-->

<trillian>
	<bitmap name="window" file="window.bmp"/>
	<bitmap name="dcc-icons" file="icons-dcc.bmp"/>
	<bitmap name="scrollbar" file="scrollbar.bmp"/>

	<skindesc name="Netscape 6" author="JavaGeek"
		email="JavaGeek@javaplus.cjb.net" webpage="http://216.232.116.107/Trillian.html"/>

	<component name="dcc" width="320" height="35">
		<mainregion>
		</mainregion>

		<resize type="all">
			<rtype type="upperleft">
				<region type="rectangle" combinetype="or">
					<rect>
						<left num="0" width="0"/>
						<right num="10" width="0"/>
						<top num="0" height="0"/>
						<bottom num="10" height="0"/>
					</rect>
				</region>
			</rtype>
			<rtype type="upperright">
				<region type="rectangle" combinetype="or">
					<rect>
						<left num="10" width="1"/>
						<right num="0" width="1"/>
						<top num="0" height="0"/>
						<bottom num="10" height="0"/>
					</rect>
				</region>
			</rtype>
			<rtype type="upper">
				<region type="rectangle" combinetype="or">
					<rect>
						<left num="10" width="0"/>
						<right num="10" width="1"/>
						<top num="0" height="0"/>
						<bottom num="5" height="0"/>
					</rect>
				</region>
			</rtype>
			<rtype type="right">
				<region type="rectangle" combinetype="or">
					<rect>
						<left num="10" width="1"/>
						<right num="0" width="1"/>
						<top num="10" height="0"/>
						<bottom num="10" height="1"/>
					</rect>
				</region>
			</rtype>

			<rtype type="left">
				<region type="rectangle" combinetype="or">
					<rect>
						<left num="0" width="0"/>
						<right num="10" width="0"/>
						<top num="10" height="0"/>
						<bottom num="10" height="1"/>
					</rect>
				</region>
			</rtype>

			<rtype type="lowerleft">
				<region type="rectangle" combinetype="or">
					<rect>
						<left num="0" width="0"/>
						<right num="10" width="0"/>
						<top num="10" height="1"/>
						<bottom num="0" height="1"/>
					</rect>
				</region>
			</rtype>

			<rtype type="lowerright">
				<region type="rectangle" combinetype="or">
					<rect>
						<left num="10" width="1"/>
						<right num="0" width="1"/>
						<top num="15" height="1"/>
						<bottom num="0" height="1"/>
					</rect>
				</region>
			</rtype>
			<rtype type="lower">
				<region type="rectangle" combinetype="or">
					<rect>
						<left num="10" width="0"/>
						<right num="10" width="1"/>
						<top num="10" height="1"/>
						<bottom num="0" height="1"/>
					</rect>
				</region>
			</rtype>
		</resize>

		<background name="upperleft">
			<source name="window" left="0" right="156" top="118" bottom="166"/>
			<rect>
				<left num="0" width="0"/>
				<right num="156" width="0"/>
				<top num="0" height="0"/>
				<bottom num="48" height="0"/>
			</rect>
		</background>
		<background name="upper">
			<source name="window" left="117" right="190" top="0" bottom="48"/>
			<rect>
				<left num="156" width="0"/>
				<right num="68" width="1"/>
				<top num="0" height="0"/>
				<bottom num="73" height="0"/>
			</rect>
		</background>
		<background name="upperright">
			<source name="window" left="232" right="300" top="429" bottom="477"/>
			<rect>
				<left num="68" width="1"/>
				<right num="0" width="1"/>
				<top num="0" height="0"/>
				<bottom num="48" height="0"/>
			</rect>
		</background>
		<background name="lowerleft">
			<source name="window" left="0" right="8" top="111" bottom="117"/>
			<rect>
				<left num="0" width="0"/>
				<right num="8" width="0"/>
				<top num="6" height="1"/>
				<bottom num="0" height="1"/>
			</rect>
		</background>
		<background name="lower">
			<source name="window" left="8" right="290" top="111" bottom="117"/>
			<rect>
				<left num="8" width="0"/>
				<right num="8" width="1"/>
				<top num="6" height="1"/>
				<bottom num="0" height="1"/>
			</rect>
		</background>
		<background name="lowerright">
			<source name="window" left="292" right="300" top="111" bottom="117"/>
			<rect>
				<left num="8" width="1"/>
				<right num="0" width="1"/>
				<top num="6" height="1"/>
				<bottom num="0" height="1"/>
			</rect>
		</background>
		<background name="left">
			<source name="window" left="0" right="10" top="70" bottom="100"/>
			<rect>
				<left num="0" width="0"/>
				<right num="10" width="0"/>
				<top num="48" height="0"/>
				<bottom num="6" height="1"/>
			</rect>
		</background>
		<background name="right">
			<source name="window" left="292" right="300" top="70" bottom="82"/>
			<rect>
				<left num="8" width="1"/>
				<right num="0" width="1"/>
				<top num="48" height="0"/>
				<bottom num="6" height="1"/>
			</rect>
		</background>

		<icontrol source="dcc-list" name="list" visible="1">
			<rect>
				<left num="9" width="0"/>
				<right num="24" width="1"/>
				<top num="48" height="0"/>
				<bottom num="6" height="1"/>
			</rect>
		</icontrol>

		<icontrol source="scrollup-console" name="scrollup" visible="1">
			<rect>
				<left num="24" width="1"/>
				<right num="8" width="1"/>
				<top num="48" height="0"/>
				<bottom num="64" height="0"/>
			</rect>
		</icontrol>
		<icontrol source="scroll-console" name="scrollbar" visible="1">
			<rect>
				<left num="24" width="1"/>
				<right num="8" width="1"/>
				<top num="64" height="0"/>
				<bottom num="22" height="1"/>
			</rect>
		</icontrol>
		<icontrol source="scrolldown-console" name="scrolldown" visible="1">
			<rect>
				<left num="24" width="1"/>
				<right num="8" width="1"/>
				<top num="22" height="1"/>
				<bottom num="6" height="1"/>
			</rect>
		</icontrol>

		<icontrol source="dcc-close" name="close" visible="1">
			<rect>
				<left num="22" width="1"/>
				<right num="4" width="1"/>
				<top num="5" height="0"/>
				<bottom num="23" height="0"/>
			</rect>
		</icontrol>


	</component>


	<prefs>

		<control name="scrollup-console" type="button">
			<background name="flat">
				<source name="scrollbar" left="40" right="56" top="0" bottom="16"/>
				<rect><left num="0" width="0"/><right num="0" width="1"/><top num="0" height="0"/><bottom num="0" height="1"/></rect>
			</background>
			<background name="push">
				<source name="scrollbar" left="57" right="73" top="0" bottom="16"/>
				<rect><left num="0" width="0"/><right num="0" width="1"/><top num="0" height="0"/><bottom num="0" height="1"/></rect>
			</background>
			<background name="over">
				<source name="scrollbar" left="74" right="90" top="0" bottom="16"/>
				<rect><left num="0" width="0"/><right num="0" width="1"/><top num="0" height="0"/><bottom num="0" height="1"/></rect>
			</background>
		</control>
		
		<control name="scrolldown-console" type="button">
			<background name="flat">
				<source name="scrollbar" left="40" right="56" top="54" bottom="70"/>
				<rect><left num="0" width="0"/><right num="0" width="1"/><top num="0" height="0"/><bottom num="0" height="1"/></rect>
			</background>
			<background name="push">
				<source name="scrollbar" left="57" right="73" top="54" bottom="70"/>
				<rect><left num="0" width="0"/><right num="0" width="1"/><top num="0" height="0"/><bottom num="0" height="1"/></rect>
			</background>
			<background name="over">
				<source name="scrollbar" left="74" right="90" top="54" bottom="70"/>
				<rect><left num="0" width="0"/><right num="0" width="1"/><top num="0" height="0"/><bottom num="0" height="1"/></rect>
			</background>
		</control>

		<control name="scroll-console" type="scrollbar">
			<background name="background">
				<source name="scrollbar" left="0" right="16" top="0" bottom="10"/>
				<rect><left num="0" width="0"/><right num="0" width="1"/><top num="0" height="0"/><bottom num="0" height="1"/></rect>
			</background>

			<background name="top_thumb_flat">
				<source name="scrollbar" left="40" right="56" top="16" bottom="18"/>
				<rect><left num="0" width="0"/><right num="0" width="1"/><top num="0" height="0"/><bottom num="0" height="1"/></rect>
			</background>
			<background name="mid_thumb_flat">
				<source name="scrollbar" left="40" right="56" top="19" bottom="20"/>
				<rect><left num="0" width="0"/><right num="0" width="1"/><top num="0" height="0"/><bottom num="0" height="1"/></rect>
			</background>
			<background name="bot_thumb_flat">
				<source name="scrollbar" left="40" right="56" top="51" bottom="53"/>
				<rect><left num="0" width="0"/><right num="0" width="1"/><top num="0" height="0"/><bottom num="0" height="1"/></rect>
			</background>

			<background name="top_thumb_push">
				<source name="scrollbar" left="40" right="56" top="16" bottom="18"/>
				<rect><left num="0" width="0"/><right num="0" width="1"/><top num="0" height="0"/><bottom num="0" height="1"/></rect>
			</background>
			<background name="mid_thumb_push">
				<source name="scrollbar" left="40" right="56" top="19" bottom="20"/>
				<rect><left num="0" width="0"/><right num="0" width="1"/><top num="0" height="0"/><bottom num="0" height="1"/></rect>
			</background>
			<background name="bot_thumb_push">
				<source name="scrollbar" left="40" right="56" top="51" bottom="53"/>
				<rect><left num="0" width="0"/><right num="0" width="1"/><top num="0" height="0"/><bottom num="0" height="1"/></rect>
			</background>

			<background name="top_thumb_over">
				<source name="scrollbar" left="40" right="56" top="16" bottom="18"/>
				<rect><left num="0" width="0"/><right num="0" width="1"/><top num="0" height="0"/><bottom num="0" height="1"/></rect>
			</background>
			<background name="mid_thumb_over">
				<source name="scrollbar" left="40" right="56" top="19" bottom="20"/>
				<rect><left num="0" width="0"/><right num="0" width="1"/><top num="0" height="0"/><bottom num="0" height="1"/></rect>
			</background>
			<background name="bot_thumb_over">
				<source name="scrollbar" left="40" right="56" top="51" bottom="53"/>
				<rect><left num="0" width="0"/><right num="0" width="1"/><top num="0" height="0"/><bottom num="0" height="1"/></rect>
			</background>

		</control>

		<control name="dcc-list" type="list">
			<color name="hover-back"  red="255"  green="255"   blue="255"/>
			<color name="hover-fore"  red="128" green="128" blue="128"/>
			<color name="select-back" red="220"   green="220"  blue="220"/>
			<color name="select-fore" red="0" green="0" blue="0"/>
			<color name="normal-back" red="207"   green="207"  blue="207"/>
			<color name="normal-fore" red="0" green="0" blue="0"/>
		</control>

		<control name="dcc-close" type="button">
			<background name="flat">
				<source name="window" left="62" right="80" top="531" bottom="549"/>
				<rect>
					<left num="0" width="0"/>
					<right num="0" width="1"/>
					<top num="0" height="0"/>
					<bottom num="0" height="1"/>
				</rect>
			</background>
			<background name="over">
				<source name="window" left="62" right="80" top="531" bottom="549"/>
				<rect>
					<left num="0" width="0"/>
					<right num="0" width="1"/>
					<top num="0" height="0"/>
					<bottom num="0" height="1"/>
				</rect>
			</background>
			<background name="push">
				<source name="window" left="80" right="98" top="531" bottom="549"/>
				<rect>
					<left num="0" width="0"/>
					<right num="0" width="1"/>
					<top num="0" height="0"/>
					<bottom num="0" height="1"/>
				</rect>
			</background>
			<mainregion>
			</mainregion>
			<cursor name="main" type="minimize"/>
		</control>	

		<control name="dcc-icons" type="icons">
			<icon name="close" type="normal">
				<source name="dcc-icons" left="55" top="0" right="65" bottom="15"/>
			</icon>
			<icon name="complete" type="normal">
				<source name="dcc-icons" left="11" top="0" right="21" bottom="15"/>
			</icon>
			<icon name="waiting" type="normal">
				<source name="dcc-icons" left="44" top="0" right="54" bottom="15"/>
			</icon>
			<icon name="active" type="normal">
				<source name="dcc-icons" left="22" top="0" right="32" bottom="15"/>
			</icon>
			<icon name="expanded" type="normal">
				<source name="dcc-icons" left="33" top="0" right="43" bottom="15"/>
			</icon>
			<icon name="collapsed" type="normal">
				<source name="dcc-icons" left="0" top="0" right="10" bottom="15"/>
			</icon>
			<icon name="progress" type="normal">
				<source name="dcc-icons" left="66" top="1" right="125" bottom="8"/>
			</icon>
		</control>
	</prefs>
</trillian>
