<?xml version="1.0" encoding="ASCII"?>
<!DOCTYPE test SYSTEM "logo.dtd">

<!--Icons and stuff have either been taken from Neoplanet skin, 
	made by myselft (JavaGeek) or little bars about 50 pixels 
	of Kid's Whistler skin still left.
	Otherwise all the work of coding and such goes to me (some 
	code still left from Kid - which I assume cam from Cerulean.)

Basic Instructions:
Logo: difficulty (out of 10): 3.
choose bitmap image of your animate (not gif as far as I know) name it.
call the component logo and icontrol source="animation"
make the region take up the whole box as shown in the <rect>...<.rect>
in the prefs same name as your iscource

-->

<trillian>
	<bitmap name="logobmp" file="logo.bmp"/>

	<skindesc name="Netscape 6" author="JavaGeek"
		email="JavaGeek@javaplus.cjb.net" webpage="http://216.232.116.107/Trillian.html"/>

	<component name="logo" width="130" height="48">
		<mainregion>
		</mainregion>

		<icontrol source="animation" name="logo" visible="1">
			<rect>
				<left 	num	=	"0" 	width		=	"0"/>
				<right 	num	=	"0" 	width		=	"1"/>
				<top 		num	=	"0" 	height	=	"0"/>
				<bottom 	num	=	"0"	height	=	"1"/>
			</rect>
		</icontrol>
	</component>

	<prefs>
		<control name="animation" type="animation">

			<settings loop="1" numframes="27" speed="100"/>

			<frame num="0">
				<background name="logo">
					<source name="logobmp" left="1" right="131" top="1" bottom="49"/>
					<rect>
						<left num="0" width="0"/>
						<right num="0" width="1"/>
						<top num="0" height="0"/>
						<bottom num="0" height="1"/>
					</rect>
				</background>
			</frame>
			<frame num="1">
				<background name="logo">
					<source name="logobmp" left="131" right="261" top="1" bottom="49"/>
					<rect>
						<left num="0" width="0"/>
						<right num="0" width="1"/>
						<top num="0" height="0"/>
						<bottom num="0" height="1"/>
					</rect>
				</background>
			</frame>
			<frame num="2">
				<background name="logo">
					<source name="logobmp" left="261" right="391" top="1" bottom="49"/>
					<rect>
						<left num="0" width="0"/>
						<right num="0" width="1"/>
						<top num="0" height="0"/>
						<bottom num="0" height="1"/>
					</rect>
				</background>
			</frame>
			<frame num="3">
				<background name="logo">
					<source name="logobmp" left="391" right="521" top="1" bottom="49"/>
					<rect>
						<left num="0" width="0"/>
						<right num="0" width="1"/>
						<top num="0" height="0"/>
						<bottom num="0" height="1"/>
					</rect>
				</background>
			</frame>
			<frame num="4">
				<background name="logo">
					<source name="logobmp" left="521" right="651" top="1" bottom="49"/>
					<rect>
						<left num="0" width="0"/>
						<right num="0" width="1"/>
						<top num="0" height="0"/>
						<bottom num="0" height="1"/>
					</rect>
				</background>
			</frame>
			<frame num="5">
				<background name="logo">
					<source name="logobmp" left="651" right="781" top="1" bottom="49"/>
					<rect>
						<left num="0" width="0"/>
						<right num="0" width="1"/>
						<top num="0" height="0"/>
						<bottom num="0" height="1"/>
					</rect>
				</background>
			</frame>
			<frame num="6">
				<background name="logo">
					<source name="logobmp" left="781" right="911" top="1" bottom="49"/>
					<rect>
						<left num="0" width="0"/>
						<right num="0" width="1"/>
						<top num="0" height="0"/>
						<bottom num="0" height="1"/>
					</rect>
				</background>
			</frame>
			<frame num="7">
				<background name="logo">
					<source name="logobmp" left="911" right="1041" top="1" bottom="49"/>
					<rect>
						<left num="0" width="0"/>
						<right num="0" width="1"/>
						<top num="0" height="0"/>
						<bottom num="0" height="1"/>
					</rect>
				</background>
			</frame>
			<frame num="8">
				<background name="logo">
					<source name="logobmp" left="1041" right="1171" top="1" bottom="49"/>
					<rect>
						<left num="0" width="0"/>
						<right num="0" width="1"/>
						<top num="0" height="0"/>
						<bottom num="0" height="1"/>
					</rect>
				</background>
			</frame>
			<frame num="9">
				<background name="logo">
					<source name="logobmp" left="1171" right="1301" top="1" bottom="49"/>
					<rect>
						<left num="0" width="0"/>
						<right num="0" width="1"/>
						<top num="0" height="0"/>
						<bottom num="0" height="1"/>
					</rect>
				</background>
			</frame>
			<frame num="10">
				<background name="logo">
					<source name="logobmp" left="1301" right="1431" top="1" bottom="49"/>
					<rect>
						<left num="0" width="0"/>
						<right num="0" width="1"/>
						<top num="0" height="0"/>
						<bottom num="0" height="1"/>
					</rect>
				</background>
			</frame>
			<frame num="11">
				<background name="logo">
					<source name="logobmp" left="1431" right="1561" top="1" bottom="49"/>
					<rect>
						<left num="0" width="0"/>
						<right num="0" width="1"/>
						<top num="0" height="0"/>
						<bottom num="0" height="1"/>
					</rect>
				</background>
			</frame>
			<frame num="12">
				<background name="logo">
					<source name="logobmp" left="1561" right="1691" top="1" bottom="49"/>
					<rect>
						<left num="0" width="0"/>
						<right num="0" width="1"/>
						<top num="0" height="0"/>
						<bottom num="0" height="1"/>
					</rect>
				</background>
			</frame>
			<frame num="13">
				<background name="logo">
					<source name="logobmp" left="1691" right="1821" top="1" bottom="49"/>
					<rect>
						<left num="0" width="0"/>
						<right num="0" width="1"/>
						<top num="0" height="0"/>
						<bottom num="0" height="1"/>
					</rect>
				</background>
			</frame>
			<frame num="14">
				<background name="logo">
					<source name="logobmp" left="1821" right="1951" top="1" bottom="49"/>
					<rect>
						<left num="0" width="0"/>
						<right num="0" width="1"/>
						<top num="0" height="0"/>
						<bottom num="0" height="1"/>
					</rect>
				</background>
			</frame>
			<frame num="15">
				<background name="logo">
					<source name="logobmp" left="1951" right="2081" top="1" bottom="49"/>
					<rect>
						<left num="0" width="0"/>
						<right num="0" width="1"/>
						<top num="0" height="0"/>
						<bottom num="0" height="1"/>
					</rect>
				</background>
			</frame>
			<frame num="16">
				<background name="logo">
					<source name="logobmp" left="2081" right="2211" top="1" bottom="49"/>
					<rect>
						<left num="0" width="0"/>
						<right num="0" width="1"/>
						<top num="0" height="0"/>
						<bottom num="0" height="1"/>
					</rect>
				</background>
			</frame>
			<frame num="17">
				<background name="logo">
					<source name="logobmp" left="2211" right="2341" top="1" bottom="49"/>
					<rect>
						<left num="0" width="0"/>
						<right num="0" width="1"/>
						<top num="0" height="0"/>
						<bottom num="0" height="1"/>
					</rect>
				</background>
			</frame>
			<frame num="18">
				<background name="logo">
					<source name="logobmp" left="2341" right="2471" top="1" bottom="49"/>
					<rect>
						<left num="0" width="0"/>
						<right num="0" width="1"/>
						<top num="0" height="0"/>
						<bottom num="0" height="1"/>
					</rect>
				</background>
			</frame>
			<frame num="19">
				<background name="logo">
					<source name="logobmp" left="2471" right="2601" top="1" bottom="49"/>
					<rect>
						<left num="0" width="0"/>
						<right num="0" width="1"/>
						<top num="0" height="0"/>
						<bottom num="0" height="1"/>
					</rect>
				</background>
			</frame>
			<frame num="20">
				<background name="logo">
					<source name="logobmp" left="2601" right="2731" top="1" bottom="49"/>
					<rect>
						<left num="0" width="0"/>
						<right num="0" width="1"/>
						<top num="0" height="0"/>
						<bottom num="0" height="1"/>
					</rect>
				</background>
			</frame>
			<frame num="21">
				<background name="logo">
					<source name="logobmp" left="2731" right="2861" top="1" bottom="49"/>
					<rect>
						<left num="0" width="0"/>
						<right num="0" width="1"/>
						<top num="0" height="0"/>
						<bottom num="0" height="1"/>
					</rect>
				</background>
			</frame>
			<frame num="22">
				<background name="logo">
					<source name="logobmp" left="2861" right="2991" top="1" bottom="49"/>
					<rect>
						<left num="0" width="0"/>
						<right num="0" width="1"/>
						<top num="0" height="0"/>
						<bottom num="0" height="1"/>
					</rect>
				</background>
			</frame>
			<frame num="23">
				<background name="logo">
					<source name="logobmp" left="2991" right="3121" top="1" bottom="49"/>
					<rect>
						<left num="0" width="0"/>
						<right num="0" width="1"/>
						<top num="0" height="0"/>
						<bottom num="0" height="1"/>
					</rect>
				</background>
			</frame>
			<frame num="24">
				<background name="logo">
					<source name="logobmp" left="3121" right="3251" top="1" bottom="49"/>
					<rect>
						<left num="0" width="0"/>
						<right num="0" width="1"/>
						<top num="0" height="0"/>
						<bottom num="0" height="1"/>
					</rect>
				</background>
			</frame>
			<frame num="25">
				<background name="logo">
					<source name="logobmp" left="3251" right="3381" top="1" bottom="49"/>
					<rect>
						<left num="0" width="0"/>
						<right num="0" width="1"/>
						<top num="0" height="0"/>
						<bottom num="0" height="1"/>
					</rect>
				</background>
			</frame>
			<frame num="26">
				<background name="logo">
					<source name="logobmp" left="3381" right="3511" top="1" bottom="49"/>
					<rect>
						<left num="0" width="0"/>
						<right num="0" width="1"/>
						<top num="0" height="0"/>
						<bottom num="0" height="1"/>
					</rect>
				</background>
			</frame>
			<frame num="27">
				<background name="logo">
					<source name="logobmp" left="3511" right="3641" top="1" bottom="49"/>
					<rect>
						<left num="0" width="0"/>
						<right num="0" width="1"/>
						<top num="0" height="0"/>
						<bottom num="0" height="1"/>
					</rect>
				</background>
			</frame>

		</control>	
	</prefs>
</trillian>
