<?xml version="1.0" encoding="ASCII"?>
<!DOCTYPE test SYSTEM "logo.dtd">

<!--Icons and stuff have either been taken from Neoplanet skin, 
	made by myselft (JavaGeek) or little bars about 50 pixels 
	of Kid's Whistler skin still left.
	Otherwise all the work of coding and such goes to me (some 
	code still left from Kid - which I assume cam from Cerulean.)

Basic Instructions:


-->

<trillian>
	<bitmap name="menubmp" file="toolbar-main-menu.bmp"/>

	<skindesc name="Netscape 6" author="JavaGeek"
		email="JavaGeek@javaplus.cjb.net" webpage="http://216.232.116.107/Trillian.html"/>

	<component name="menu" width="222" height="13">
		<mainregion>
		</mainregion>

		<background name="normal">
			<source name="menubmp" left="0" right="222" top="0" bottom="13"/>
			<rect>
				<left num="0" width="0"/>
				<right num="222" width="0"/>
				<top num="0" height="0"/>
				<bottom num="13" height="0"/>
			</rect>
		</background>

		<background name="highlight">
			<source name="menubmp" left="0" right="222" top="14" bottom="27"/>
			<rect>
				<left num="0" width="0"/>
				<right num="222" width="0"/>
				<top num="0" height="0"/>
				<bottom num="18" height="0"/>
			</rect>
		</background>

		<icontrol source="default-listing" name="file" visible="1">
			<rect>
				<left 	num	=	"0" 	width		=	"0"/>
				<top 		num	=	"0" 	height	=	"0"/>
				<right 	num	=	"34" 	width		=	"0"/>
				<bottom 	num	=	"0"	height	=	"0"/>
			</rect>
		</icontrol>
		<icontrol source="default-listing" name="tools" visible="1">
			<rect>
				<left 	num	=	"35" 	width		=	"0"/>
				<top 		num	=	"0" 	height	=	"0"/>
				<right 	num	=	"76" 	width		=	"0"/>
				<bottom 	num	=	"0"	height	=	"0"/>
			</rect>
		</icontrol>
		<icontrol source="default-listing" name="dcc" visible="1">
			<rect>
				<left 	num	=	"77" 	width		=	"0"/>
				<top 		num	=	"0" 	height	=	"0"/>
				<right 	num	=	"112"	width		=	"0"/>
				<bottom 	num	=	"0"	height	=	"0"/>
			</rect>
		</icontrol>
		<icontrol source="default-listing" name="help" visible="1">
			<rect>
				<left 	num	=	"113"	width		=	"0"/>
				<top 		num	=	"0" 	height	=	"0"/>
				<right 	num	=	"150"	width		=	"0"/>
				<bottom 	num	=	"0"	height	=	"0"/>
			</rect>
		</icontrol>
	</component>

	<prefs>
		<control name="default-listing" type="listing">
			
			<mainregion>
			</mainregion>
	
			<background name="upperleft">
				<source name="menubmp" left="0" right="1" top="28" bottom="29"/>
				<rect>
					<left num="0" width="0"/>
					<right num="1" width="0"/>
					<top num="0" height="0"/>
					<bottom num="1" height="0"/>
				</rect>
			</background>
			<background name="upper">
				<source name="menubmp" left="2" right="3" top="28" bottom="29"/>
				<rect>
					<left num="1" width="0"/>
					<right num="1" width="1"/>
					<top num="0" height="0"/>
					<bottom num="1" height="0"/>
				</rect>
			</background>
			<background name="upperright">
				<source name="menubmp" left="99" right="100" top="28" bottom="29"/>
				<rect>
					<left num="1" width="1"/>
					<right num="0" width="1"/>
					<top num="0" height="0"/>
					<bottom num="1" height="0"/>
				</rect>
			</background>
			<background name="lowerleft">
				<source name="menubmp" left="0" right="1" top="50" bottom="51"/>
				<rect>
					<left num="0" width="0"/>
					<right num="1" width="0"/>
					<top num="1" height="1"/>
					<bottom num="0" height="1"/>
				</rect>
			</background>
			<background name="lower">
				<source name="menubmp" left="2" right="3" top="50" bottom="51"/>
				<rect>
					<left num="1" width="0"/>
					<right num="1" width="1"/>
					<top num="1" height="1"/>
					<bottom num="0" height="1"/>
				</rect>
			</background>
			<background name="lowerright">
				<source name="menubmp" left="99" right="100" top="50" bottom="51"/>
				<rect>
					<left num="1" width="1"/>
					<right num="0" width="1"/>
					<top num="1" height="1"/>
					<bottom num="0" height="1"/>
				</rect>
			</background>
			<background name="left">
				<source name="menubmp" left="0" right="1" top="30" bottom="31"/>
				<rect>
					<left num="0" width="0"/>
					<right num="1" width="0"/>
					<top num="1" height="0"/>
					<bottom num="1" height="1"/>
				</rect>
			</background>
			<background name="right">
				<source name="menubmp" left="99" right="100" top="30" bottom="31"/>
				<rect>
					<left num="1" width="1"/>
					<right num="0" width="1"/>
					<top num="1" height="0"/>
					<bottom num="1" height="1"/>
				</rect>
			</background>
		</control>	

		<control name="default-colors" type="colors">
			<color name="back"  red="207"  green="207"   blue="207"/>
			<color name="fore"  red="16"  green="24"   blue="32"/>
			<color name="hover-back"  red="32"  green="117"   blue="196"/>
			<color name="hover-fore"  red="217"  green="228"   blue="237"/>
		</control>

	</prefs>
</trillian>
