<?xml version="1.0" encoding="ASCII"?>
<!DOCTYPE test SYSTEM "mystuff.dtd">

<!--Icons and stuff have either been taken from Neoplanet skin, 
	made by myselft (JavaGeek) or little bars about 50 pixels 
	of Kid's Whistler skin still left.
	Otherwise all the work of coding and such goes to me (some 
	code still left from Kid - which I assume cam from Cerulean.)

Basic Instructions:


-->

<trillian>
	<bitmap name="icons" file="icons-mystuff.bmp"/>

		<skindesc name="Netscape 6" author="JavaGeek"
		email="JavaGeek@javaplus.cjb.net" webpage="http://216.232.116.107/Trillian.html"/>

	<prefs>
		<control name="icons" type="icons">
			<icon name="urlgrabber" type="normal">
				<source name="icons" left="0" top="0" right="18" bottom="18"/>
			</icon>
			<icon name="urlgrabber" type="select">
				<source name="icons" left="0" top="18" right="18" bottom="36"/>
			</icon>
			<icon name="urlgrabber" type="hover">
				<source name="icons" left="0" top="18" right="18" bottom="36"/>
			</icon>
			<icon name="web" type="normal">
				<source name="icons" left="18" top="0" right="36" bottom="18"/>
			</icon>
			<icon name="web" type="select">
				<source name="icons" left="18" top="18" right="36" bottom="36"/>
			</icon>
			<icon name="web" type="hover">
				<source name="icons" left="18" top="18" right="36" bottom="36"/>
			</icon>
		</control>
	</prefs>
</trillian>
