<?xml version="1.0" encoding="ASCII"?>
<!DOCTYPE test SYSTEM "talk.dtd">

<!--Icons and stuff have either been taken from Neoplanet skin, 
	made by myselft (JavaGeek) or little bars about 50 pixels 
	of Kid's Whistler skin still left.
	Otherwise all the work of coding and such goes to me (some 
	code still left from Kid - which I assume cam from Cerulean.)

Basic Instructions:


-->

<trillian>
		<skindesc name="Netscape 6" author="JavaGeek"
		email="JavaGeek@javaplus.cjb.net" webpage="http://216.232.116.107/Trillian.html"/>

	<bitmap name="window" file="window.bmp"/>
	<bitmap name="scrollbar" file="scrollbar.bmp"/>
	<bitmap name="channellist" file="icons-misc.bmp"/>
	<bitmap name="medium-icons" file="icons-medium.bmp"/>
	<bitmap name="happy" file="icons-emot.bmp"/>
	<bitmap name="status-images" file="away-status.bmp"/>
	<bitmap name="channels" file="channellist.bmp"/>
	<bitmap name="win635" file="window635.bmp"/>
	<!-- ************************************************************** -->
	<!-- ************************************************************** -->
	<!-- ************************************************************** -->
	<!-- ****                                                      									**** -->
	<!-- ****                                                      									**** -->
	<!-- ****             C O N S O L E   W I N D O W              						**** -->
	<!-- ****             IRC SEND RECEIVE											**** -->
	<!-- ****                                                      									**** -->
	<!-- ************************************************************** -->
	<!-- ************************************************************** -->
	<!-- ************************************************************** -->

	<component name="console" minx="320" miny="147">
		<!-- We will use the same images as the channel, cause it works (for the buttons) -->
		<icontrol source="min-console" name="minimize" visible="1">
			<rect>
				<left num="60" width="1"/>
				<right num="42" width="1"/>
				<top num="5" height="0"/>
				<bottom num="23" height="0"/>
			</rect>
		</icontrol>

		<icontrol source="close-console" name="close" visible="1">
			<rect>
				<left num="22" width="1"/>
				<right num="4" width="1"/>
				<top num="5" height="0"/>
				<bottom num="23" height="0"/>
			</rect>
		</icontrol>
		<icontrol source="display-console" name="display" visible="1">
			<rect>
				<left num="8" width="0"/>
				<right num="24" width="1"/>
				<top num="48" height="0"/>
				<bottom num="53" height="1"/>
			</rect>
		</icontrol>
		<icontrol source="topic-console12" name="nick" visible="1">
			<rect>
				<left num="78" width="1"/>
				<right num="10" width="1"/>
				<top num="29" height="1"/>
				<bottom num="12" height="1"/>
			</rect>
		</icontrol>
		<icontrol source="away-status" name="away" visible="1">
			<rect>
				<left num="11" width="0"/>
				<right num="33" width="0"/>
				<top num="4" height="0"/>
				<bottom num="23" height="0"/>
			</rect>
		</icontrol>
		<icontrol source="topic-console12" name="server" visible="0">
			<rect>
				<left num="0" width="1"/>
				<right num="0" width="1"/>
				<top num="30" height="0"/>
				<bottom num="44" height="0"/>
			</rect>
		</icontrol>
		<icontrol source="topic-console12" name="timer" visible="0">
			<rect>
				<left num="117" width="0"/>
				<right num="9" width="1"/>
				<top num="24" height="1"/>
				<bottom num="9" height="1"/>
			</rect>
		</icontrol>
		<icontrol source="switcher-status" name="send" visible="1">
			<rect>
				<left num="12" width="0"/>
				<right num="56" width="0"/>
				<top num="24" height="1"/>
				<bottom num="14" height="1"/>
			</rect>
		</icontrol>
		<icontrol source="switcher-status" name="recv" visible="1">
			<rect>
				<left num="12" width="0"/>
				<right num="56" width="0"/>
				<top num="24" height="1"/>
				<bottom num="14" height="1"/>
			</rect>
		</icontrol>
		<icontrol source="edit-console" name="edit" visible="1">
			<rect>
				<left num="32" width="0"/>
				<right num="37" width="1"/>
				<top num="48" height="1"/>
				<bottom num="34" height="1"/>
			</rect>
		</icontrol>
		<icontrol source="medium-status" name="medium" visible="0">
			<rect>
				<left num="46" width="1"/>
				<right num="3" width="1"/>
				<top num="19" height="1"/>
				<bottom num="2" height="1"/>
			</rect>
		</icontrol>
		<icontrol source="topic-lagtext" name="lagtext" visible="0">
			<rect>
				<left num="74" width="1"/>
				<right num="26" width="1"/>
				<top num="56" height="0"/>
				<bottom num="66" height="0"/>
			</rect>
		</icontrol>

		<icontrol source="scrollup-console" name="scrollup" visible="1">
			<rect>
				<left num="24" width="1"/>
				<right num="8" width="1"/>
				<top num="48" height="0"/>
				<bottom num="64" height="0"/>
			</rect>
		</icontrol>
		<icontrol source="scroll-console" name="scrollbar" visible="1">
			<rect>
				<left num="24" width="1"/>
				<right num="8" width="1"/>
				<top num="64" height="0"/>
				<bottom num="45" height="1"/>
			</rect>
		</icontrol>
		<icontrol source="scrolldown-console" name="scrolldown" visible="1">
			<rect>
				<left num="24" width="1"/>
				<right num="8" width="1"/>
				<top num="45" height="1"/>
				<bottom num="29" height="1"/>
			</rect>
		</icontrol>

		<!-- Here for 0.62 compatibility -->
		<icontrol source="" name="topic" visible="0">
			<rect> 
				<left num="0" width="0"/> <right num="0" width="0"/>
				<top num="0" height="0"/> <bottom num="0" height="0"/> 
			</rect>
		</icontrol>
		<!-- End here for 0.62 compatibility -->


		<mainregion>
		</mainregion>

		<resize type="all">
			<!-- basic resizing scheme.  A square, resizes diagnally in corners, normal on edges -->
			<rtype type="upperleft">
				<region type="rectangle" combinetype="or">
					<rect>
						<left num="0" width="0"/>
						<right num="10" width="0"/>
						<top num="0" height="0"/>
						<bottom num="10" height="0"/>
					</rect>
				</region>
			</rtype>
			<rtype type="upperright">
				<region type="rectangle" combinetype="or">
					<rect>
						<left num="10" width="1"/>
						<right num="0" width="1"/>
						<top num="0" height="0"/>
						<bottom num="10" height="0"/>
					</rect>
				</region>
			</rtype>
			<rtype type="upper">
				<region type="rectangle" combinetype="or">
					<rect>
						<left num="10" width="0"/>
						<right num="10" width="1"/>
						<top num="0" height="0"/>
						<bottom num="5" height="0"/>
					</rect>
				</region>
			</rtype>
			<rtype type="right">
				<region type="rectangle" combinetype="or">
					<rect>
						<left num="10" width="1"/>
						<right num="0" width="1"/>
						<top num="10" height="0"/>
						<bottom num="10" height="1"/>
					</rect>
				</region>
			</rtype>

			<rtype type="left">
				<region type="rectangle" combinetype="or">
					<rect>
						<left num="0" width="0"/>
						<right num="10" width="0"/>
						<top num="10" height="0"/>
						<bottom num="10" height="1"/>
					</rect>
				</region>
			</rtype>

			<rtype type="lowerleft">
				<region type="rectangle" combinetype="or">
					<rect>
						<left num="0" width="0"/>
						<right num="10" width="0"/>
						<top num="10" height="1"/>
						<bottom num="0" height="1"/>
					</rect>
				</region>
			</rtype>

			<rtype type="lowerright">
				<region type="rectangle" combinetype="or">
					<rect>
						<left num="10" width="1"/>
						<right num="0" width="1"/>
						<top num="10" height="1"/>
						<bottom num="0" height="1"/>
					</rect>
				</region>
			</rtype>
			<rtype type="lower">
				<region type="rectangle" combinetype="or">
					<rect>
						<left num="10" width="0"/>
						<right num="10" width="1"/>
						<top num="10" height="1"/>
						<bottom num="0" height="1"/>
					</rect>
				</region>
			</rtype>
		</resize>

		<backcolor red="207" blue="207" green="207"/>

		<background name="upperleft">
			<source name="window" left="0" right="194" top="168" bottom="216"/>
			<rect>
				<left num="0" width="0"/>
				<right num="194" width="0"/>
				<top num="0" height="0"/>
				<bottom num="48" height="0"/>
			</rect>
		</background>
		<background name="upper">
			<source name="window" left="117" right="190" top="0" bottom="48"/>
			<rect>
				<left num="194" width="0"/>
				<right num="110" width="1"/>
				<top num="0" height="0"/>
				<bottom num="48" height="0"/>
			</rect>
		</background>
		<background name="upperright">
			<source name="window" left="190" right="300" top="0" bottom="48"/>
			<rect>
				<left num="110" width="1"/>
				<right num="0" width="1"/>
				<top num="0" height="0"/>
				<bottom num="48" height="0"/>
			</rect>
		</background>
		<background name="lowerleft">
			<source name="window" left="0" right="82" top="330" bottom="383"/>
			<rect>
				<left num="0" width="0"/>
				<right num="82" width="0"/>
				<top num="53" height="1"/>
				<bottom num="0" height="1"/>
			</rect>
		</background>
		<background name="lower">
			<source name="window" left="82" right="205" top="330" bottom="383"/>
			<rect>
				<left num="82" width="0"/>
				<right num="95" width="1"/>
				<top num="53" height="1"/>
				<bottom num="0" height="1"/>
			</rect>
		</background>
		<background name="lowerright">
			<source name="window" left="205" right="300" top="330" bottom="383"/>
			<rect>
				<left num="95" width="1"/>
				<right num="0" width="1"/>
				<top num="53" height="1"/>
				<bottom num="0" height="1"/>
			</rect>
		</background>
		<background name="left">
			<source name="window" left="0" right="8" top="48" bottom="50"/>
			<rect>
				<left num="0" width="0"/>
				<right num="8" width="0"/>
				<top num="46" height="0"/>
				<bottom num="29" height="1"/>
			</rect>
		</background>
		<background name="right">
			<source name="window" left="284" right="300" top="48" bottom="50"/>
			<rect>
				<left num="16" width="1"/>
				<right num="0" width="1"/>
				<top num="48" height="0"/>
				<bottom num="29" height="1"/>
			</rect>
		</background>
	</component>

	<!-- ************************************************************** -->
	<!-- ************************************************************** -->
	<!-- ************************************************************** -->
	<!-- ****                                                      **** -->
	<!-- ****                                                      **** -->
	<!-- ****             P R E F E R E N C E S                    **** -->
	<!-- ****                                                      **** -->
	<!-- ****                                                      **** -->
	<!-- ************************************************************** -->
	<!-- ************************************************************** -->
	<!-- ************************************************************** -->
	
	<prefs>
		<control name="close-console" type="button">
			<background name="flat">
				<source name="window" left="62" right="80" top="531" bottom="549"/>
				<rect>
					<left num="0" width="0"/>
					<right num="0" width="1"/>
					<top num="0" height="0"/>
					<bottom num="0" height="1"/>
				</rect>
			</background>
			<background name="push">
				<source name="window" left="80" right="98" top="531" bottom="549"/>
				<rect>
					<left num="0" width="0"/>
					<right num="0" width="1"/>
					<top num="0" height="0"/>
					<bottom num="0" height="1"/>
				</rect>
			</background>
			<mainregion>
			</mainregion>
			<cursor name="main" type="close"/>
		</control>	
		<control name="max-console" type="button">
			<background name="flat">
				<source name="window" left="62" right="80" top="549" bottom="567"/>
				<rect>
					<left num="0" width="0"/>
					<right num="0" width="1"/>
					<top num="0" height="0"/>
					<bottom num="0" height="1"/>
				</rect>
			</background>
			<background name="push">
				<source name="window" left="80" right="98" top="549" bottom="567"/>
				<rect>
					<left num="0" width="0"/>
					<right num="0" width="1"/>
					<top num="0" height="0"/>
					<bottom num="0" height="1"/>
				</rect>
			</background>
			<mainregion>
			</mainregion>
			<cursor name="main" type="maximize"/>
		</control>	
		<control name="min-console" type="button">
			<background name="flat">
				<source name="window" left="62" right="80" top="567" bottom="585"/>
				<rect>
					<left num="0" width="0"/>
					<right num="0" width="1"/>
					<top num="0" height="0"/>
					<bottom num="0" height="1"/>
				</rect>
			</background>
			<background name="push">
				<source name="window" left="80" right="98" top="567" bottom="585"/>
				<rect>
					<left num="0" width="0"/>
					<right num="0" width="1"/>
					<top num="0" height="0"/>
					<bottom num="0" height="1"/>
				</rect>
			</background>
			<mainregion>
			</mainregion>
			<cursor name="main" type="minimize"/>
		</control>	
		<control name="topic-console12" type="topic">
			<font source="fontfile" size="13"/>
			<backcolor red="207" blue="207" green="207"/>
			<forecolor red="0" blue="0" green="0"/>
			<cursor name="main" type="move"/>
		</control>
		<control name="topic-lagtext" type="topic">
			<font source="fontfile" size="13"/>
			<backcolor red="175" blue="208" green="192"/>
			<forecolor red="0" blue="0" green="0"/>
			<cursor name="main" type="move"/>
		</control>

		<control name="switcher-status" type="switcher">
			<background name="on">
				<source name="window" left="12" right="56" top="359" bottom="369"/>
				<rect>
					<left num="0" width="0"/>
					<right num="0" width="1"/>
					<top num="0" height="0"/>
					<bottom num="0" height="1"/>
				</rect>
			</background>
			<background name="off">
				<source name="window" left="12" right="56" top="402" bottom="412"/>
				<rect>
					<left num="0" width="0"/>
					<right num="0" width="1"/>
					<top num="0" height="0"/>
					<bottom num="0" height="1"/>
				</rect>
			</background>
			<cursor type="arrow"/>
		</control>
		<control name="keyboard-icon" type="switcher">
			<background name="on">
				<source name="window" left="115" right="249" top="531" bottom="547"/>
				<rect>
					<left num="0" width="0"/>
					<right num="0" width="1"/>
					<top num="0" height="0"/>
					<bottom num="0" height="1"/>
				</rect>
			</background>
			<background name="off">
				<source name="window" left="115" right="249" top="548" bottom="564"/>
				<rect>
					<left num="0" width="0"/>
					<right num="0" width="1"/>
					<top num="0" height="0"/>
					<bottom num="0" height="1"/>
				</rect>
			</background>
			<cursor type="arrow"/>
		</control>

		<control name="away-status" type="switcher">
			<background name="on">
				<source name="status-images" left="0" right="22" top="19" bottom="38"/>
				<rect>
					<left num="0" width="0"/>
					<right num="0" width="1"/>
					<top num="0" height="0"/>
					<bottom num="0" height="1"/>
				</rect>
			</background>
			<background name="off">
				<source name="status-images" left="0" right="22" top="0" bottom="19"/>
				<rect>
					<left num="0" width="0"/>
					<right num="0" width="1"/>
					<top num="0" height="0"/>
					<bottom num="0" height="1"/>
				</rect>
			</background>
			<cursor type="arrow"/>
		</control>

		<control name="medium-status" type="switcher">
			<cursor name="main" type="move"/>
			<background name="0">
				<source name="medium-icons" left="0" right="157" top="38" bottom="55"/>
				<rect>
					<left num="0" width="0"/>
					<right num="0" width="1"/>
					<top num="0" height="0"/>
					<bottom num="0" height="1"/>
				</rect>
			</background>
			<background name="1">
				<source name="medium-icons" left="0" right="157" top="19" bottom="36"/>
				<rect>
					<left num="0" width="0"/>
					<right num="0" width="1"/>
					<top num="0" height="0"/>
					<bottom num="0" height="1"/>
				</rect>
			</background>
			<background name="2">
				<source name="medium-icons" left="0" right="157" top="57" bottom="74"/>
				<rect>
					<left num="0" width="0"/>
					<right num="0" width="1"/>
					<top num="0" height="0"/>
					<bottom num="0" height="1"/>
				</rect>
			</background>
			<background name="3">
				<source name="medium-icons" left="0" right="157" top="0" bottom="17"/>
				<rect>
					<left num="0" width="0"/>
					<right num="0" width="1"/>
					<top num="0" height="0"/>
					<bottom num="0" height="1"/>
				</rect>
			</background>
			<background name="4">
				<source name="medium-icons" left="0" right="157" top="76" bottom="93"/>
				<rect>
					<left num="0" width="0"/>
					<right num="0" width="1"/>
					<top num="0" height="0"/>
					<bottom num="0" height="1"/>
				</rect>
			</background>

			<cursor type="arrow"/>
		</control>


		<control name="display-console" type="display">
			<backcolor red="0" green="0" blue="0"/> 
			
			<forecolor red="207" green="207" blue="207"/>
		</control>

		<control name="list-nick" type="nicklist">
			<color name="hover-back"  red="0"  green="0"   blue="0"/>
			<color name="hover-fore"  red="255" green="255" blue="255"/>
			<color name="select-back" red="0"  green="0"   blue="0"/>
			<color name="select-fore" red="255" green="255" blue="255"/>
			<color name="normal-back" red="0"   green="0"  blue="0"/>
			<color name="normal-fore" red="207" green="207" blue="207"/>
			<!-- icons for nicklist-->
			<!-- .635 ***66666***33333**55555*****************
			*************6***********3**5*********************
			*************66666***33333**55555*****************
			*********..**6***6*******3******5*****************
			*********..**66666***33333**55555*****************-->
			<icon name="normal" type="normal">
				<source name="channels" left="36" top="1" right="53" bottom="18"/>
			</icon>
			<icon name="normal" type="select">
				<source name="channels" left="36" top="37" right="53" bottom="54"/>
			</icon>
			<icon name="normal" type="hover">
				<source name="channels" left="36" top="19" right="53" bottom="36"/>
			</icon>

			<icon name="voice" type="normal">
				<source name="channels" left="19" top="1" right="35" bottom="18"/>
			</icon>
			<icon name="voice" type="select">
				<source name="channels" left="19" top="37" right="35" bottom="54"/>
			</icon>
			<icon name="voice" type="hover">
				<source name="channels" left="19" top="19" right="35" bottom="36"/>
			</icon>

			<icon name="op" type="normal">
				<source name="channels" left="1" top="1" right="18" bottom="18"/>
			</icon>
			<icon name="op" type="select">
				<source name="channels" left="1" top="37" right="18" bottom="54"/>
			</icon>
			<icon name="op" type="hover">
				<source name="channels" left="1" top="19" right="18" bottom="36"/>
			</icon>
		</control>

		<control name="edit-console" type="edit">
			<backcolor red="0" green="0" blue="0"/>
			<forecolor red="207" green="207" blue="207"/>
		</control>

		<control name="edit-channel" type="edit">
			<backcolor red="0" green="0" blue="0"/>
			<forecolor red="207" green="207" blue="207"/>
		</control>

		<control name="scrolldown-nick" type="button">
			<background name="flat">
				<source name="window" left="54" right="127" top="267" bottom="290"/>
				<rect><left num="0" width="0"/><right num="0" width="1"/><top num="0" height="0"/><bottom num="0" height="1"/></rect>
			</background>
			<background name="push">
				<source name="window" left="127" right="201" top="267" bottom="290"/>
				<rect><left num="0" width="0"/><right num="0" width="1"/><top num="0" height="0"/><bottom num="0" height="1"/></rect>
			</background>
			<background name="over">
				<source name="window" left="54" right="127" top="267" bottom="290"/>
				<rect><left num="0" width="0"/><right num="0" width="1"/><top num="0" height="0"/><bottom num="0" height="1"/></rect>
			</background>
		</control>
		
		<control name="scrollup-nick" type="button">
			<background name="flat">
				<source name="window" left="54" right="127" top="291" bottom="314"/>
				<rect><left num="0" width="0"/><right num="0" width="1"/><top num="0" height="0"/><bottom num="0" height="1"/></rect>
			</background>
			<background name="push">
				<source name="window" left="127" right="201" top="291" bottom="314"/>
				<rect><left num="0" width="0"/><right num="0" width="1"/><top num="0" height="0"/><bottom num="0" height="1"/></rect>
			</background>
			<background name="over">
				<source name="window" left="54" right="127" top="291" bottom="314"/>
				<rect><left num="0" width="0"/><right num="0" width="1"/><top num="0" height="0"/><bottom num="0" height="1"/></rect>
			</background>
		</control>

		<control name="scrollup-console" type="button">
			<background name="flat">
				<source name="scrollbar" left="40" right="56" top="0" bottom="16"/>
				<rect><left num="0" width="0"/><right num="0" width="1"/><top num="0" height="0"/><bottom num="0" height="1"/></rect>
			</background>
			<background name="push">
				<source name="scrollbar" left="57" right="73" top="0" bottom="16"/>
				<rect><left num="0" width="0"/><right num="0" width="1"/><top num="0" height="0"/><bottom num="0" height="1"/></rect>
			</background>
			<background name="over">
				<source name="scrollbar" left="74" right="90" top="0" bottom="16"/>
				<rect><left num="0" width="0"/><right num="0" width="1"/><top num="0" height="0"/><bottom num="0" height="1"/></rect>
			</background>
		</control>
		
		<control name="scrolldown-console" type="button">
			<background name="flat">
				<source name="scrollbar" left="40" right="56" top="54" bottom="70"/>
				<rect><left num="0" width="0"/><right num="0" width="1"/><top num="0" height="0"/><bottom num="0" height="1"/></rect>
			</background>
			<background name="push">
				<source name="scrollbar" left="57" right="73" top="54" bottom="70"/>
				<rect><left num="0" width="0"/><right num="0" width="1"/><top num="0" height="0"/><bottom num="0" height="1"/></rect>
			</background>
			<background name="over">
				<source name="scrollbar" left="74" right="90" top="54" bottom="70"/>
				<rect><left num="0" width="0"/><right num="0" width="1"/><top num="0" height="0"/><bottom num="0" height="1"/></rect>
			</background>
		</control>

		<control name="scroll-console" type="scrollbar">
			<background name="background">
				<source name="scrollbar" left="0" right="16" top="0" bottom="10"/>
				<rect><left num="0" width="0"/><right num="0" width="1"/><top num="0" height="0"/><bottom num="0" height="1"/></rect>
			</background>

			<background name="top_thumb_flat">
				<source name="scrollbar" left="40" right="56" top="16" bottom="18"/>
				<rect><left num="0" width="0"/><right num="0" width="1"/><top num="0" height="0"/><bottom num="0" height="1"/></rect>
			</background>
			<background name="mid_thumb_flat">
				<source name="scrollbar" left="40" right="56" top="19" bottom="20"/>
				<rect><left num="0" width="0"/><right num="0" width="1"/><top num="0" height="0"/><bottom num="0" height="1"/></rect>
			</background>
			<background name="bot_thumb_flat">
				<source name="scrollbar" left="40" right="56" top="51" bottom="53"/>
				<rect><left num="0" width="0"/><right num="0" width="1"/><top num="0" height="0"/><bottom num="0" height="1"/></rect>
			</background>

			<background name="top_thumb_push">
				<source name="scrollbar" left="40" right="56" top="16" bottom="18"/>
				<rect><left num="0" width="0"/><right num="0" width="1"/><top num="0" height="0"/><bottom num="0" height="1"/></rect>
			</background>
			<background name="mid_thumb_push">
				<source name="scrollbar" left="40" right="56" top="19" bottom="20"/>
				<rect><left num="0" width="0"/><right num="0" width="1"/><top num="0" height="0"/><bottom num="0" height="1"/></rect>
			</background>
			<background name="bot_thumb_push">
				<source name="scrollbar" left="40" right="56" top="51" bottom="53"/>
				<rect><left num="0" width="0"/><right num="0" width="1"/><top num="0" height="0"/><bottom num="0" height="1"/></rect>
			</background>

			<background name="top_thumb_over">
				<source name="scrollbar" left="40" right="56" top="16" bottom="18"/>
				<rect><left num="0" width="0"/><right num="0" width="1"/><top num="0" height="0"/><bottom num="0" height="1"/></rect>
			</background>
			<background name="mid_thumb_over">
				<source name="scrollbar" left="40" right="56" top="19" bottom="20"/>
				<rect><left num="0" width="0"/><right num="0" width="1"/><top num="0" height="0"/><bottom num="0" height="1"/></rect>
			</background>
			<background name="bot_thumb_over">
				<source name="scrollbar" left="40" right="56" top="51" bottom="53"/>
				<rect><left num="0" width="0"/><right num="0" width="1"/><top num="0" height="0"/><bottom num="0" height="1"/></rect>
			</background>

		</control>


		<control name="sounds" type="sounds">
			<sound file="inbound.wav" type="IM Inbound"/>
			<sound file="outbound.wav" type="IM Outbound"/>
			<sound file="windowcreation.wav" type="IM Window Creation"/>
		</control>

		<control name="colors" type="colors">
			<colors file="colors.ini"/>
		</control>

		<control name="emoticons" type="emoticons">
			<emoticon text=":-)"> <source name="happy" left="0" right="12" top="0" bottom="12"/> </emoticon>
			<emoticon text=":)"> <source name="happy" left="0" right="12" top="0" bottom="12"/> </emoticon>
			<emoticon text=":-d"> <source name="happy" left="0" right="12" top="12" bottom="24"/> </emoticon>
			<emoticon text=":d"> <source name="happy" left="0" right="12" top="12" bottom="24"/> </emoticon>
			<emoticon text=":-o"> <source name="happy" left="0" right="12" top="24" bottom="36"/> </emoticon>
			<emoticon text=":o"> <source name="happy" left="0" right="12" top="24" bottom="36"/> </emoticon>
			<emoticon text=":p"> <source name="happy" left="0" right="12" top="36" bottom="48"/> </emoticon>
			<emoticon text=":-p"> <source name="happy" left="0" right="12" top="36" bottom="48"/> </emoticon>
			<emoticon text=";-)"> <source name="happy" left="0" right="12" top="48" bottom="60"/> </emoticon>
			<emoticon text=";)"> <source name="happy" left="0" right="12" top="48" bottom="60"/> </emoticon>
			<emoticon text=":-("> <source name="happy" left="0" right="12" top="60" bottom="72"/> </emoticon>
			<emoticon text=":("> <source name="happy" left="0" right="12" top="60" bottom="72"/> </emoticon>
			<emoticon text=":-|"> <source name="happy" left="0" right="12" top="84" bottom="96"/> </emoticon>
			<emoticon text=":|"> <source name="happy" left="0" right="12" top="84" bottom="96"/> </emoticon>
			<emoticon text="(y)"> <source name="happy" left="0" right="12" top="96" bottom="108"/> </emoticon>
			<emoticon text="(n)"> <source name="happy" left="0" right="12" top="108" bottom="120"/> </emoticon>
			<emoticon text="(l)"> <source name="happy" left="0" right="12" top="120" bottom="132"/> </emoticon>
			<emoticon text="(u)"> <source name="happy" left="0" right="12" top="132" bottom="144"/> </emoticon>
			<emoticon text="(k)"> <source name="happy" left="0" right="12" top="144" bottom="156"/> </emoticon>
			<emoticon text="(g)"> <source name="happy" left="0" right="12" top="156" bottom="168"/> </emoticon>
			<emoticon text="(f)"> <source name="happy" left="0" right="12" top="168" bottom="180"/> </emoticon>
			<emoticon text="(x)"> <source name="happy" left="0" right="12" top="180" bottom="192"/> </emoticon>
			<emoticon text="(z)"> <source name="happy" left="0" right="12" top="192" bottom="204"/> </emoticon>
			<emoticon text="(p)"> <source name="happy" left="0" right="12" top="204" bottom="216"/> </emoticon>
			<emoticon text="(b)"> <source name="happy" left="0" right="12" top="216" bottom="228"/> </emoticon>
			<emoticon text="(d)"> <source name="happy" left="0" right="12" top="228" bottom="240"/> </emoticon>
			<emoticon text="(t)"> <source name="happy" left="0" right="12" top="240" bottom="252"/> </emoticon>
			<emoticon text="(@)"> <source name="happy" left="0" right="12" top="252" bottom="264"/> </emoticon>
			<emoticon text="(c)"> <source name="happy" left="0" right="12" top="264" bottom="276"/> </emoticon>
			<emoticon text="(i)"> <source name="happy" left="0" right="12" top="276" bottom="288"/> </emoticon>
			<emoticon text="(h)"> <source name="happy" left="0" right="12" top="288" bottom="300"/> </emoticon>
			<emoticon text="(s)"> <source name="happy" left="0" right="12" top="300" bottom="312"/> </emoticon>
			<emoticon text="(*)"> <source name="happy" left="0" right="12" top="312" bottom="324"/> </emoticon>
			<emoticon text="(8)"> <source name="happy" left="0" right="12" top="324" bottom="336"/> </emoticon>
			<emoticon text="(e)"> <source name="happy" left="0" right="12" top="336" bottom="348"/> </emoticon>
			<emoticon text="(m)"> <source name="happy" left="0" right="12" top="348" bottom="360"/> </emoticon>
			<emoticon text=":-["> <source name="happy" left="0" right="12" top="360" bottom="372"/> </emoticon>
			<emoticon text=":["> <source name="happy" left="0" right="12" top="360" bottom="372"/> </emoticon>
			<emoticon text="(d)"> <source name="happy" left="0" right="12" top="372" bottom="384"/> </emoticon>
			<emoticon text="b-)"> <source name="happy" left="0" right="12" top="384" bottom="396"/> </emoticon>
			<emoticon text="KId"> <source name="happy" left="0" right="12" top="396" bottom="408"/> </emoticon>
			<emoticon text="o-^v"> <source name="happy" left="0" right="12" top="408" bottom="420"/> </emoticon>
		</control>

		<!-- 0.63 - Added to allow for You're On List Icon Editing -->
		<control name="channellist-icons" type="icons">
			<!-- icon for a connected console window -->
			<icon name="connected" type="normal">
				<source name="channellist" left="0" top="0" right="18" bottom="18"/>
			</icon>
			<icon name="connected" type="select">
				<source name="channellist" left="0" top="18" right="18" bottom="36"/>
			</icon>
			<icon name="connected" type="hover">
				<source name="channellist" left="0" top="18" right="18" bottom="36"/>
			</icon>

			<!-- icon for a disconnected console window -->
			<icon name="disconnected" type="normal">
				<source name="channellist" left="18" top="0" right="36" bottom="18"/>
			</icon>
			<icon name="disconnected" type="select">
				<source name="channellist" left="18" top="18" right="36" bottom="36"/>
			</icon>
			<icon name="disconnected" type="hover">
				<source name="channellist" left="18" top="18" right="36" bottom="36"/>
			</icon>

			<!-- icon for a privmsg/query/chat window -->
			<icon name="privmsg" type="normal">
				<source name="channellist" left="36" top="0" right="54" bottom="18"/>
			</icon>
			<icon name="privmsg" type="select">
				<source name="channellist" left="36" top="18" right="54" bottom="36"/>
			</icon>
			<icon name="privmsg" type="hover">
				<source name="channellist" left="36" top="18" right="54" bottom="36"/>
			</icon>

			<!-- icon for an encrypted chat window -->
			<icon name="edcc" type="normal">
				<source name="channellist" left="54" top="0" right="72" bottom="18"/>
			</icon>
			<icon name="edcc" type="select">
				<source name="channellist" left="54" top="18" right="72" bottom="36"/>
			</icon>
			<icon name="edcc" type="hover">
				<source name="channellist" left="54" top="18" right="72" bottom="36"/>
			</icon>

			<!-- icon for a channel window -->
			<icon name="channel" type="normal">
				<source name="channellist" left="72" top="0" right="90" bottom="18"/>
			</icon>
			<icon name="channel" type="select">
				<source name="channellist" left="72" top="18" right="90" bottom="36"/>
			</icon>
			<icon name="channel" type="hover">
				<source name="channellist" left="72" top="18" right="90" bottom="36"/>
			</icon>

			<!-- icon for an encrypted dcc conference window -->
			<icon name="edccconf" type="normal">
				<source name="channellist" left="90" top="0" right="108" bottom="18"/>
			</icon>
			<icon name="edccconf" type="select">
				<source name="channellist" left="90" top="18" right="108" bottom="36"/>
			</icon>
			<icon name="edccconf" type="hover">
				<source name="channellist" left="90" top="18" right="108" bottom="36"/>
			</icon>

			<!-- icon for a dcc chat window -->
			<icon name="dcc" type="normal">
				<source name="channellist" left="108" top="0" right="126" bottom="18"/>
			</icon>
			<icon name="dcc" type="select">
				<source name="channellist" left="108" top="18" right="126" bottom="36"/>
			</icon>
			<icon name="dcc" type="hover">
				<source name="channellist" left="108" top="18" right="126" bottom="36"/>
			</icon>

			<!-- icon for a dcc conference window -->
			<icon name="dccconf" type="normal">
				<source name="channellist" left="126" top="0" right="144" bottom="18"/>
			</icon>
			<icon name="dccconf" type="select">
				<source name="channellist" left="126" top="18" right="144" bottom="36"/>
			</icon>
			<icon name="dccconf" type="hover">
				<source name="channellist" left="126" top="18" right="144" bottom="36"/>
			</icon>

			<!-- icon for a channel group-->
			<icon name="channelgroup" type="normal">
				<source name="channellist" left="144" top="0" right="162" bottom="18"/>
			</icon>
			<icon name="channelgroup" type="select">
				<source name="channellist" left="144" top="18" right="162" bottom="36"/>
			</icon>
			<icon name="channelgroup" type="hover">
				<source name="channellist" left="144" top="18" right="162" bottom="36"/>
			</icon>

			<!-- icon for a privmsg group -->
			<icon name="privmsggroup" type="normal">
				<source name="channellist" left="162" top="0" right="180" bottom="18"/>
			</icon>
			<icon name="privmsggroup" type="select">
				<source name="channellist" left="162" top="18" right="180" bottom="36"/>
			</icon>
			<icon name="privmsggroup" type="hover">
				<source name="channellist" left="162" top="18" right="180" bottom="36"/>
			</icon>

			<!-- icon for a minimize entry-->
			<icon name="minimize" type="normal">
				<source name="channellist" left="180" top="0" right="198" bottom="18"/>
			</icon>
			<icon name="minimize" type="select">
				<source name="channellist" left="180" top="18" right="198" bottom="36"/>
			</icon>
			<icon name="minimize" type="hover">
				<source name="channellist" left="180" top="18" right="198" bottom="36"/>
			</icon>

		</control>
	</prefs>

	<!-- ************************************************************** -->
	<!-- ************************************************************** -->
	<!-- ************************************************************** -->
	<!-- ****                                                     									**** -->
	<!-- ****                                                      									**** -->
	<!-- ****             C H A N N E L  W I N D O W               						**** -->
	<!-- ****             IRC CHATTING                                  						**** -->
	<!-- ****                         									                        	**** -->
	<!-- ************************************************************** -->
	<!-- ************************************************************** -->
	<!-- ************************************************************** -->

	<component name="channel" minx="320" miny="240">
		<icontrol source="min-console" name="minimize" visible="1">
			<rect>
				<left num="60" width="1"/>
				<right num="42" width="1"/>
				<top num="5" height="0"/>
				<bottom num="23" height="0"/>
			</rect>
		</icontrol>
		<icontrol source="max-console" name="maximize" visible="1">
			<rect>
				<left num="41" width="1"/>
				<right num="23" width="1"/>
				<top num="5" height="0"/>
				<bottom num="23" height="0"/>
			</rect>
		</icontrol>
		<icontrol source="close-console" name="close" visible="1">
			<rect>
				<left num="22" width="1"/>
				<right num="4" width="1"/>
				<top num="5" height="0"/>
				<bottom num="23" height="0"/>
			</rect>
		</icontrol>
		<icontrol source="scrollup-console" name="scrollup" visible="1">
			<rect>
				<left num="115" width="1"/>
				<right num="99" width="1"/>
				<top num="48" height="0"/>
				<bottom num="64" height="0"/>
			</rect>
		</icontrol>
		<icontrol source="scroll-console" name="scrollbar" visible="1">
			<rect>
				<left num="115" width="1"/>
				<right num="99" width="1"/>
				<top num="64" height="0"/>
				<bottom num="69" height="1"/>
			</rect>
		</icontrol>
		<icontrol source="scrolldown-console" name="scrolldown" visible="1">
			<rect>
				<left num="115" width="1"/>
				<right num="99" width="1"/>
				<top num="69" height="1"/>
				<bottom num="53" height="1"/>
			</rect>
		</icontrol>

		<icontrol source="display-console" name="display" visible="1">
			<rect>
				<left num="8" width="0"/>
				<right num="115" width="1"/>
				<top num="48" height="0"/>
				<bottom num="53" height="1"/>
			</rect>
		</icontrol>
		<icontrol source="topic-console12" name="topic" visible="0">
			<rect>
				<left num="0" width="0"/>
				<right num="0" width="1"/>
				<top num="30" height="0"/>
				<bottom num="44" height="0"/>
			</rect>
		</icontrol>
		<icontrol source="topic-console12" name="channel" visible="1">
			<rect>
				<left num="78" width="1"/>
				<right num="10" width="1"/>
				<top num="26" height="1"/>
				<bottom num="11" height="1"/>
			</rect>
		</icontrol>
		<icontrol source="list-nick" name="nicklist" visible="1">
			<rect>
				<left num="82" width="1"/>
				<right num="10" width="1"/>
				<top num="74" height="0"/>
				<bottom num="51" height="1"/>
			</rect>
		</icontrol>
		<icontrol source="scrollup-nick" name="nick_scrollup" visible="1">
			<rect>
				<left num="82" width="1"/>
				<right num="10" width="1"/>
				<top num="51" height="0"/>
				<bottom num="74" height="0"/>
			</rect>
		</icontrol>

		<icontrol source="scrolldown-nick" name="nick_scrolldown" visible="1">
			<rect>
				<left num="82" width="1"/>
				<right num="10" width="1"/>
				<top num="51" height="1"/>
				<bottom num="29" height="1"/>
			</rect>
		</icontrol>

		<icontrol source="topic-console12" name="opnum" visible="0">
			<rect>
				<left num="0" width="0"/>
				<right num="0" width="0"/>
				<top num="22" height="1"/>
				<bottom num="13" height="1"/>
			</rect>
		</icontrol>
		<icontrol source="topic-console12" name="nonopnum" visible="0">
			<rect>
				<left num="0" 	width="0"/>
				<right num="0" 	width="0"/>
				<top num="22" 		height="1"/>
				<bottom num="13" 	height="1"/>
			</rect>
		</icontrol>

		<icontrol source="edit-channel" name="edit" visible="1">
			<rect>
				<left num="32" width="0"/>
				<right num="97" width="1"/>
				<top num="48" height="1"/>
				<bottom num="34" height="1"/>
			</rect>
		</icontrol>
		<icontrol source="medium-status" name="medium" visible="1">
			<rect>
				<left num="60" width="0"/>
				<right num="217" width="0"/>
				<top num="3" height="0"/>
				<bottom num="21" height="0"/>
			</rect>
		</icontrol>

		<mainregion>
			<!-- Main Region (none, just a square)-->
		</mainregion>

		<resize type="all">
			<rtype type="upperleft">
				<region type="rectangle" combinetype="or">
					<rect>
						<left num="0" width="0"/>
						<right num="10" width="0"/>
						<top num="0" height="0"/>
						<bottom num="10" height="0"/>
					</rect>
				</region>
			</rtype>
			<rtype type="upperright">
				<region type="rectangle" combinetype="or">
					<rect>
						<left num="10" width="1"/>
						<right num="0" width="1"/>
						<top num="0" height="0"/>
						<bottom num="10" height="0"/>
					</rect>
				</region>
			</rtype>
			<rtype type="upper">
				<region type="rectangle" combinetype="or">
					<rect>
						<left num="10" width="0"/>
						<right num="10" width="1"/>
						<top num="0" height="0"/>
						<bottom num="5" height="0"/>
					</rect>
				</region>
			</rtype>
			<rtype type="right">
				<region type="rectangle" combinetype="or">
					<rect>
						<left num="10" width="1"/>
						<right num="0" width="1"/>
						<top num="10" height="0"/>
						<bottom num="10" height="1"/>
					</rect>
				</region>
			</rtype>

			<rtype type="left">
				<region type="rectangle" combinetype="or">
					<rect>
						<left num="0" width="0"/>
						<right num="10" width="0"/>
						<top num="10" height="0"/>
						<bottom num="10" height="1"/>
					</rect>
				</region>
			</rtype>

			<rtype type="lowerleft">
				<region type="rectangle" combinetype="or">
					<rect>
						<left num="0" width="0"/>
						<right num="10" width="0"/>
						<top num="10" height="1"/>
						<bottom num="0" height="1"/>
					</rect>
				</region>
			</rtype>

			<rtype type="lowerright">
				<region type="rectangle" combinetype="or">
					<rect>
						<left num="10" width="1"/>
						<right num="0" width="1"/>
						<top num="10" height="1"/>
						<bottom num="0" height="1"/>
					</rect>
				</region>
			</rtype>
			<rtype type="lower">
				<region type="rectangle" combinetype="or">
					<rect>
						<left num="10" width="0"/>
						<right num="10" width="1"/>
						<top num="10" height="1"/>
						<bottom num="0" height="1"/>
					</rect>
				</region>
			</rtype>
		</resize>

		<!-- dont think its used yet -->
		<backcolor red="207" blue="207" green="207"/>

		<background name="upperleft">
			<source name="window" left="0" right="117" top="0" bottom="48"/>
			<rect>
				<left num="0" width="0"/>
				<right num="117" width="0"/>
				<top num="0" height="0"/>
				<bottom num="48" height="0"/>
			</rect>
		</background>
		<background name="upper">
			<source name="window" left="117" right="190" top="0" bottom="48"/>
			<rect>
				<left num="117" width="0"/>
				<right num="99" width="1"/>
				<top num="0" height="0"/>
				<bottom num="48" height="0"/>
			</rect>
		</background>
		<background name="upperright">
			<source name="window" left="201" right="300" top="220" bottom="272"/>
			<rect>
				<left num="99" width="1"/>
				<right num="0" width="1"/>
				<top num="0" height="0"/>
				<bottom num="52" height="0"/>
			</rect>
		</background>
		<background name="lowerleft">
			<source name="window" left="0" right="82" top="64" bottom="117"/>
			<rect>
				<left num="0" width="0"/>
				<right num="82" width="0"/>
				<top num="53" height="1"/>
				<bottom num="0" height="1"/>
			</rect>
		</background>
		<background name="lower">
			<source name="window" left="82" right="203" top="64" bottom="117"/>
			<rect>
				<left num="82" width="0"/>
				<right num="97" width="1"/>
				<top num="53" height="1"/>
				<bottom num="0" height="1"/>
			</rect>
		</background>
		<background name="lowerright">
			<source name="window" left="203" right="300" top="64" bottom="117"/>
			<rect>
				<left num="97" width="1"/>
				<right num="0" width="1"/>
				<top num="53" height="1"/>
				<bottom num="0" height="1"/>
			</rect>
		</background>
		<background name="left">
			<source name="window" left="0" right="8" top="48" bottom="50"/>
			<rect>
				<left num="0" width="0"/>
				<right num="8" width="0"/>
				<top num="48" height="0"/>
				<bottom num="29" height="1"/>
			</rect>
		</background>
		<background name="right">
			<source name="window" left="201" right="300" top="294" bottom="300"/>
			<rect>
				<left num="99" width="1"/>
				<right num="0" width="1"/>
				<top num="52" height="0"/>
				<bottom num="29" height="1"/>
			</rect>
		</background>
	</component>

	<!-- ************************************************************** -->
	<!-- ************************************************************** -->
	<!-- ************************************************************** -->
	<!-- ****                                                      **** -->
	<!-- ****                                                      **** -->
	<!-- ****            P R I V M S G   W I N D O W               **** -->
	<!-- ****                                                      **** -->
	<!-- ****                                                      **** -->
	<!-- ************************************************************** -->
	<!-- ************************************************************** -->
	<!-- ************************************************************** -->

	<component name="privmsg" minx="320" miny="160">
		<icontrol source="min-console" name="minimize" visible="1">
			<rect>
				<left num="60" width="1"/>
				<right num="42" width="1"/>
				<top num="5" height="0"/>
				<bottom num="23" height="0"/>
			</rect>
		</icontrol>
		<icontrol source="max-console" name="maximize" visible="1">
			<rect>
				<left num="41" width="1"/>
				<right num="23" width="1"/>
				<top num="5" height="0"/>
				<bottom num="23" height="0"/>
			</rect>
		</icontrol>
		<icontrol source="close-console" name="close" visible="1">
			<rect>
				<left num="22" width="1"/>
				<right num="4" width="1"/>
				<top num="5" height="0"/>
				<bottom num="23" height="0"/>
			</rect>
		</icontrol>
		<icontrol source="scrollup-console" name="scrollup" visible="1">
			<rect>
				<left num="24" width="1"/>
				<right num="8" width="1"/>
				<top num="48" height="0"/>
				<bottom num="64" height="0"/>
			</rect>
		</icontrol>
		<icontrol source="scroll-console" name="scrollbar" visible="1">
			<rect>
				<left num="24" width="1"/>
				<right num="8" width="1"/>
				<top num="64" height="0"/>
				<bottom num="45" height="1"/>
			</rect>
		</icontrol>
		<icontrol source="scrolldown-console" name="scrolldown" visible="1">
			<rect>
				<left num="24" width="1"/>
				<right num="8" width="1"/>
				<top num="45" height="1"/>
				<bottom num="29" height="1"/>
			</rect>
		</icontrol>


		<icontrol source="display-console" name="display" visible="1">
			<rect>
				<left num="8" width="0"/>
				<right num="24" width="1"/>
				<top num="47" height="0"/>
				<bottom num="94" height="1"/>
			</rect>
		</icontrol>
		<icontrol source="edit-channel" name="edit" visible="1">
			<rect>
				<left num="32" width="0"/>
				<right num="40" width="1"/>
				<top num="88" height="1"/>
				<bottom num="32" height="1"/>
			</rect>
		</icontrol>
		<icontrol source="topic-console12" name="topic" visible="0">
			<rect>
				<left num="131" width="0"/>
				<right num="9" width="1"/>
				<top num="30" height="0"/>
				<bottom num="44" height="0"/>
			</rect>
		</icontrol>
		<icontrol source="topic-console12" name="channel" visible="1">
			<rect>
				<left num="78" width="1"/>
				<right num="10" width="1"/>
				<top num="26" height="1"/>
				<bottom num="10" height="1"/>
			</rect>
		</icontrol>

		<icontrol source="medium-status" name="medium" visible="1">
			<rect>
				<left num="60" width="0"/>
				<right num="217" width="0"/>
				<top num="3" height="0"/>
				<bottom num="21" height="0"/>
			</rect>
		</icontrol>
		<icontrol source="keyboard-icon" name="typing_icon" visible="1">
			<rect>
				<left num="74" width="0"/>
				<right num="208" width="0"/>
				<top num="26" height="1"/>
				<bottom num="10" height="1"/>
			</rect>
		</icontrol>


		<mainregion>
			<!-- Main Region (none, just a square)-->
		</mainregion>

		<resize type="all">
			<rtype type="upperleft">
				<region type="rectangle" combinetype="or">
					<rect>
						<left num="0" width="0"/>
						<right num="10" width="0"/>
						<top num="0" height="0"/>
						<bottom num="10" height="0"/>
					</rect>
				</region>
			</rtype>
			<rtype type="upperright">
				<region type="rectangle" combinetype="or">
					<rect>
						<left num="10" width="1"/>
						<right num="0" width="1"/>
						<top num="0" height="0"/>
						<bottom num="10" height="0"/>
					</rect>
				</region>
			</rtype>
			<rtype type="upper">
				<region type="rectangle" combinetype="or">
					<rect>
						<left num="10" width="0"/>
						<right num="10" width="1"/>
						<top num="0" height="0"/>
						<bottom num="5" height="0"/>
					</rect>
				</region>
			</rtype>
			<rtype type="right">
				<region type="rectangle" combinetype="or">
					<rect>
						<left num="10" width="1"/>
						<right num="0" width="1"/>
						<top num="10" height="0"/>
						<bottom num="10" height="1"/>
					</rect>
				</region>
			</rtype>

			<rtype type="left">
				<region type="rectangle" combinetype="or">
					<rect>
						<left num="0" width="0"/>
						<right num="10" width="0"/>
						<top num="10" height="0"/>
						<bottom num="10" height="1"/>
					</rect>
				</region>
			</rtype>

			<rtype type="lowerleft">
				<region type="rectangle" combinetype="or">
					<rect>
						<left num="0" width="0"/>
						<right num="10" width="0"/>
						<top num="10" height="1"/>
						<bottom num="0" height="1"/>
					</rect>
				</region>
			</rtype>

			<rtype type="lowerright">
				<region type="rectangle" combinetype="or">
					<rect>
						<left num="10" width="1"/>
						<right num="0" width="1"/>
						<top num="10" height="1"/>
						<bottom num="0" height="1"/>
					</rect>
				</region>
			</rtype>
			<rtype type="lower">
				<region type="rectangle" combinetype="or">
					<rect>
						<left num="10" width="0"/>
						<right num="10" width="1"/>
						<top num="10" height="1"/>
						<bottom num="0" height="1"/>
					</rect>
				</region>
			</rtype>
		</resize>

		<!-- dont think its used yet -->
		<backcolor red="175" blue="208" green="192"/>

		<background name="upperleft">
			<source name="window" left="0" right="195" top="220" bottom="268"/>
			<rect>
				<left num="0" width="0"/>
				<right num="195" width="0"/>
				<top num="0" height="0"/>
				<bottom num="48" height="0"/>
			</rect>
		</background>
		<background name="upper">
			<source name="window" left="120" right="190" top="0" bottom="48"/>
			<rect>
				<left num="195" width="0"/>
				<right num="110" width="1"/>
				<top num="0" height="0"/>
				<bottom num="48" height="0"/>
			</rect>
		</background>
		<background name="upperright">
			<source name="window" left="190" right="300" top="0" bottom="48"/>
			<rect>
				<left num="110" width="1"/>
				<right num="0" width="1"/>
				<top num="0" height="0"/>
				<bottom num="48" height="0"/>
			</rect>
		</background>
		<background name="lowerleft">
			<source name="win635" left="0" right="82" top="0" bottom="94"/>
			<rect>
				<left num="0" width="0"/>
				<right num="82" width="0"/>
				<top num="94" height="1"/>
				<bottom num="0" height="1"/>
			</rect>
		</background>
		<background name="lower">
			<source name="win635" left="82" right="205" top="0" bottom="94"/>
			<rect>
				<left num="82" width="0"/>
				<right num="95" width="1"/>
				<top num="94" height="1"/>
				<bottom num="0" height="1"/>
			</rect>
		</background>
		<background name="lowerright">
			<source name="win635" left="205" right="300" top="0" bottom="94"/>
			<rect>
				<left num="95" width="1"/>
				<right num="0" width="1"/>
				<top num="94" height="1"/>
				<bottom num="0" height="1"/>
			</rect>
		</background>
		<background name="left">
			<source name="window" left="0" right="8" top="48" bottom="50"/>
			<rect>
				<left num="0" width="0"/>
				<right num="8" width="0"/>
				<top num="48" height="0"/>
				<bottom num="94" height="1"/>
			</rect>
		</background>
		<background name="right">
			<source name="window" left="284" right="300" top="48" bottom="50"/>
			<rect>
				<left num="16" width="1"/>
				<right num="0" width="1"/>
				<top num="48" height="0"/>
				<bottom num="94" height="1"/>
			</rect>
		</background>
	</component>

	<!-- ************************************************************** -->
	<!-- ************************************************************** -->
	<!-- ************************************************************** -->
	<!-- ****                                                      **** -->
	<!-- ****                                                      **** -->
	<!-- ****        A I M   C O N S O L E   W I N D O W           **** -->
	<!-- ****                                                      **** -->
	<!-- ****                                                      **** -->
	<!-- ************************************************************** -->
	<!-- ************************************************************** -->
	<!-- ************************************************************** -->

	<component name="aim-console" minx="320" miny="117">
		<icontrol source="min-console" name="minimize" visible="1">
			<rect>
				<left num="60" width="1"/>
				<right num="42" width="1"/>
				<top num="5" height="0"/>
				<bottom num="23" height="0"/>
			</rect>
		</icontrol>
		<icontrol source="close-console" name="close" visible="1">
			<rect>
				<left num="22" width="1"/>
				<right num="4" width="1"/>
				<top num="5" height="0"/>
				<bottom num="23" height="0"/>
			</rect>
		</icontrol>
		<icontrol source="display-console" name="display" visible="1">
			<rect>
				<left num="8" width="0"/>
				<right num="24" width="1"/>
				<top num="48" height="0"/>
				<bottom num="29" height="1"/>
			</rect>
		</icontrol>
		<icontrol source="topic-console12" name="timer" visible="0">
			<rect>
				<left num="74" width="1"/>
				<right num="10" width="1"/>
				<top num="30" height="0"/>
				<bottom num="44" height="0"/>
			</rect>
		</icontrol>
		<icontrol source="away-status" name="away" visible="1">
			<rect>
				<left num="11" width="0"/>
				<right num="33" width="0"/>
				<top num="4" height="0"/>
				<bottom num="23" height="0"/>
			</rect>
		</icontrol>
		<icontrol source="topic-console12" name="server" visible="0">
			<rect>
				<left num="0" width="1"/>
				<right num="0" width="1"/>
				<top num="24" height="1"/>
				<bottom num="9" height="1"/>
			</rect>
		</icontrol>
		<icontrol source="topic-console12" name="nick" visible="1">
			<rect>
				<left num="78" width="1"/>
				<right num="9" width="1"/>
				<top num="24" height="1"/>
				<bottom num="9" height="1"/>
			</rect>
		</icontrol>
		<icontrol source="switcher-status" name="send" visible="1">
			<rect>
				<left num="12" width="0"/>
				<right num="56" width="0"/>
				<top num="24" height="1"/>
				<bottom num="14" height="1"/>
			</rect>
		</icontrol>
		<icontrol source="switcher-status" name="recv" visible="1">
			<rect>
				<left num="12" width="0"/>
				<right num="56" width="0"/>
				<top num="24" height="1"/>
				<bottom num="14" height="1"/>
			</rect>
		</icontrol>

		<icontrol source="topic-lagtext" name="lagtext" visible="0">
			<rect>
				<left num="74" width="1"/>
				<right num="26" width="1"/>
				<top num="56" height="0"/>
				<bottom num="66" height="0"/>
			</rect>
		</icontrol>

		<icontrol source="scrollup-console" name="scrollup" visible="1">
			<rect>
				<left num="24" width="1"/>
				<right num="8" width="1"/>
				<top num="48" height="0"/>
				<bottom num="64" height="0"/>
			</rect>
		</icontrol>
		<icontrol source="scroll-console" name="scrollbar" visible="1">
			<rect>
				<left num="24" width="1"/>
				<right num="8" width="1"/>
				<top num="64" height="0"/>
				<bottom num="45" height="1"/>
			</rect>
		</icontrol>
		<icontrol source="scrolldown-console" name="scrolldown" visible="1">
			<rect>
				<left num="24" width="1"/>
				<right num="8" width="1"/>
				<top num="45" height="1"/>
				<bottom num="29" height="1"/>
			</rect>
		</icontrol>


		<mainregion>
		</mainregion>

		<resize type="all">
			<!-- basic resizing scheme.  A square, resizes diagnally in corners, normal on edges -->
			<rtype type="upperleft">
				<region type="rectangle" combinetype="or">
					<rect>
						<left num="0" width="0"/>
						<right num="10" width="0"/>
						<top num="0" height="0"/>
						<bottom num="10" height="0"/>
					</rect>
				</region>
			</rtype>
			<rtype type="upperright">
				<region type="rectangle" combinetype="or">
					<rect>
						<left num="10" width="1"/>
						<right num="0" width="1"/>
						<top num="0" height="0"/>
						<bottom num="10" height="0"/>
					</rect>
				</region>
			</rtype>
			<rtype type="upper">
				<region type="rectangle" combinetype="or">
					<rect>
						<left num="10" width="0"/>
						<right num="10" width="1"/>
						<top num="0" height="0"/>
						<bottom num="5" height="0"/>
					</rect>
				</region>
			</rtype>
			<rtype type="right">
				<region type="rectangle" combinetype="or">
					<rect>
						<left num="10" width="1"/>
						<right num="0" width="1"/>
						<top num="10" height="0"/>
						<bottom num="10" height="1"/>
					</rect>
				</region>
			</rtype>

			<rtype type="left">
				<region type="rectangle" combinetype="or">
					<rect>
						<left num="0" width="0"/>
						<right num="10" width="0"/>
						<top num="10" height="0"/>
						<bottom num="10" height="1"/>
					</rect>
				</region>
			</rtype>

			<rtype type="lowerleft">
				<region type="rectangle" combinetype="or">
					<rect>
						<left num="0" width="0"/>
						<right num="10" width="0"/>
						<top num="10" height="1"/>
						<bottom num="0" height="1"/>
					</rect>
				</region>
			</rtype>

			<rtype type="lowerright">
				<region type="rectangle" combinetype="or">
					<rect>
						<left num="10" width="1"/>
						<right num="0" width="1"/>
						<top num="10" height="1"/>
						<bottom num="0" height="1"/>
					</rect>
				</region>
			</rtype>
			<rtype type="lower">
				<region type="rectangle" combinetype="or">
					<rect>
						<left num="10" width="0"/>
						<right num="10" width="1"/>
						<top num="10" height="1"/>
						<bottom num="0" height="1"/>
					</rect>
				</region>
			</rtype>
		</resize>

		<backcolor red="207" blue="207" green="207"/>

		<background name="upperleft">
			<source name="window" left="0" right="194" top="168" bottom="216"/>
			<rect>
				<left num="0" width="0"/>
				<right num="194" width="0"/>
				<top num="0" height="0"/>
				<bottom num="48" height="0"/>
			</rect>
		</background>
		<background name="upper">
			<source name="window" left="117" right="190" top="0" bottom="48"/>
			<rect>
				<left num="194" width="0"/>
				<right num="110" width="1"/>
				<top num="0" height="0"/>
				<bottom num="48" height="0"/>
			</rect>
		</background>
		<background name="upperright">
			<source name="window" left="190" right="300" top="0" bottom="48"/>
			<rect>
				<left num="110" width="1"/>
				<right num="0" width="1"/>
				<top num="0" height="0"/>
				<bottom num="48" height="0"/>
			</rect>
		</background>
		<background name="lowerleft">
			<source name="window" left="0" right="82" top="88" bottom="117"/>
			<rect>
				<left num="0" width="0"/>
				<right num="82" width="0"/>
				<top num="29" height="1"/>
				<bottom num="0" height="1"/>
			</rect>
		</background>
		<background name="lower">
			<source name="window" left="82" right="209" top="88" bottom="117"/>
			<rect>
				<left num="82" width="0"/>
				<right num="91" width="1"/>
				<top num="29" height="1"/>
				<bottom num="0" height="1"/>
			</rect>
		</background>
		<background name="lowerright">
			<source name="window" left="209" right="300" top="88" bottom="117"/>
			<rect>
				<left num="91" width="1"/>
				<right num="0" width="1"/>
				<top num="29" height="1"/>
				<bottom num="0" height="1"/>
			</rect>
		</background>
		<background name="left">
			<source name="window" left="0" right="8" top="48" bottom="50"/>
			<rect>
				<left num="0" width="0"/>
				<right num="8" width="0"/>
				<top num="46" height="0"/>
				<bottom num="29" height="1"/>
			</rect>
		</background>
		<background name="right">
			<source name="window" left="284" right="300" top="48" bottom="50"/>
			<rect>
				<left num="16" width="1"/>
				<right num="0" width="1"/>
				<top num="48" height="0"/>
				<bottom num="29" height="1"/>
			</rect>
		</background>
	</component>
</trillian>
