<?xml version="1.0" encoding="ASCII"?>
<!DOCTYPE test SYSTEM "toolbar.dtd">

<!--Icons and stuff have either been taken from Neoplanet skin, 
	made by myselft (JavaGeek) or little bars about 50 pixels 
	of Kid's Whistler skin still left.
	Otherwise all the work of coding and such goes to me (some 
	code still left from Kid - which I assume cam from Cerulean.)

Basic Instructions:


-->

<trillian>
	<bitmap name="Toolbar" file="toolbar-main.bmp" transcolor="#ff0000">
		<rect left="0" right="320" top="0" bottom="107"/>
	</bitmap>

	<component name="Toolbar for Trillian" width="320" height="26">
	<skindesc name="Netscape 6" author="JavaGeek"
		email="JavaGeek@javaplus.cjb.net" webpage="http://216.232.116.107/Trillian.html"/>
		<background source="Toolbar" name="flat">
			<rect left="0" right="284" top="0" bottom="31"/>
		</background>
		<background source="Toolbar" name="mouseover">
			<rect left="0" right="284" top="32" bottom="63"/>
		</background>
		<background source="Toolbar" name="push">
			<rect left="0" right="284" top="64" bottom="95"/>
		</background>
		<control num="10">
			<button id="0" name="connect" tip="Connect" left="22" top="6" right="44 " bottom="29"/>
			<button id="1" name="join" tip="Join a Channel" left="48" top="6" right="70 " bottom="29"/>
			<button id="2" name="list" tip="List Channels" left="75" top="6" right="97 " bottom="29"/>
			<button id="3" name="privmsg" tip="Private Message" left="102" top="6" right="xx " bottom="29"/>
			<button id="4" name="dccfile" tip="Send a File" left="128" top="6" right="150 " bottom="29"/>
			<button id="5" name="dccchat" tip="DCC Chat" left="155" top="6" right="177 " bottom="29"/>
			<button id="6" name="edccchat" tip="Encrypted DCC Chat" left="183" top="6" right="205 " bottom="29"/>
			<button id="7" name="finger" tip="Finger" left="209" top="6" right="231 " bottom="29"/>
			<button id="8" name="buddylist" tip="Buddy List" left="234" top="6" right="256 " bottom="29"/>
			<button id="9" name="help" tip="Help" left="260" top="6" right="282 " bottom="29"/>
		</control>
	</component>
</trillian>
