<?xml version="1.0" encoding="ASCII"?>
<!DOCTYPE test SYSTEM "trillian.dtd">

<!--Icons and stuff have either been taken from Neoplanet skin, 
	made by myselft (JavaGeek) or little bars about 50 pixels 
	of Kid's Whistler skin still left.
	Otherwise all the work of coding and such goes to me (some 
	code still left from Kid - which I assume cam from Cerulean.)

Basic Instructions:


-->

<trillian>
	<bitmap name="window" file="window.bmp"/>
	<bitmap name="drawer" file="drawer.bmp"/>
	<bitmap name="scrollbar" file="scrollbar.bmp"/>
	<bitmap name="tab" file="tab.bmp"/>
		<skindesc name="Netscape 6" author="JavaGeek"
		email="JavaGeek@javaplus.cjb.net" webpage="http://216.232.116.107/Trillian.html"/>

	<component name="Main Interface" minx="440" miny="200">
		<background name="upperleft">
			<source name="window" left="0" right="117" top="0" bottom="48"/>
			<rect>
				<left num="0" width="0"/>
				<right num="117" width="0"/>
				<top num="0" height="0"/>
				<bottom num="48" height="0"/>
			</rect>
		</background>
		<background name="upper">
			<source name="window" left="117" right="190" top="0" bottom="48"/>
			<rect>
				<left num="117" width="0"/>
				<right num="96" width="1"/>
				<top num="0" height="0"/>
				<bottom num="48" height="0"/>
			</rect>
		</background>
		<background name="upperright">
			<source name="window" left="204" right="300" top="570" bottom="618"/>
			<rect>
				<left num="96" width="1"/>
				<right num="0" width="1"/>
				<top num="0" height="0"/>
				<bottom num="48" height="0"/>
			</rect>
		</background>
		<background name="lowerleft">
			<source name="window" left="0" right="82" top="88" bottom="117"/>
			<rect>
				<left num="0" width="0"/>
				<right num="82" width="0"/>
				<top num="29" height="1"/>
				<bottom num="0" height="1"/>
			</rect>
		</background>
		<background name="lower">
			<source name="window" left="82" right="209" top="88" bottom="117"/>
			<rect>
				<left num="82" width="0"/>
				<right num="91" width="1"/>
				<top num="29" height="1"/>
				<bottom num="0" height="1"/>
			</rect>
		</background>
		<background name="lowerright">
			<source name="window" left="209" right="300" top="88" bottom="117"/>
			<rect>
				<left num="91" width="1"/>
				<right num="0" width="1"/>
				<top num="29" height="1"/>
				<bottom num="0" height="1"/>
			</rect>
		</background>
		<background name="left">
			<source name="window" left="0" right="8" top="48" bottom="50"/>
			<rect>
				<left num="0" width="0"/>
				<right num="8" width="0"/>
				<top num="48" height="0"/>
				<bottom num="29" height="1"/>
			</rect>
		</background>
		<background name="right">
			<source name="window" left="284" right="300" top="48" bottom="50"/>
			<rect>
				<left num="16" width="1"/>
				<right num="0" width="1"/>
				<top num="48" height="0"/>
				<bottom num="29" height="1"/>
			</rect>
		</background>

		<backcolor red="207" green="207" blue="207"/>

		<mainregion>
			<!-- Main Region -->
			<region type="rectangle" combinetype="or">
				<rect>
					<left num="0" width="0"/>
					<right num="0" width="1"/>
					<top num="0" height="0"/>
					<bottom num="0" height="1"/>
				</rect>
			</region>
		</mainregion>


		<icontrol source="menu" name="menu" visible="1">
			<rect>
				<left num="66" width="0"/>
				<right num="288" width="0"/>
				<top num="25" height="0"/>
				<bottom num="38" height="0"/>
			</rect>
		</icontrol>
		<icontrol source="minmax-main" name="minmax" visible="1">
			<rect>
				<left num="60" width="1"/>
				<right num="0" width="1"/>
				<top num="0" height="0"/>
				<bottom num="25" height="0"/>
			</rect>
		</icontrol>
		<icontrol source="toolbar-main" name="toolbar" visible="1">
			<rect>
				<left num="7" width="0"/>
				<right num="291" width="0"/>
				<top num="42" height="0"/>
				<bottom num="73" height="0"/>
			</rect>
		</icontrol>
		<icontrol source="logo-main" name="logo" visible="1">
			<rect>
				<left num="146" width="1"/>
				<right num="16" width="1"/>
				<top num="48" height="0"/>
				<bottom num="96" height="0"/>
			</rect>
		</icontrol>
	<drawer source="drawer" name="drawer" attach="right" visible="1">
			<rect>
			<top num="20" height="0"/>
			<bottom num="20" height="1"/>
			</rect>
		</drawer>
	</component>

	<prefs>
		<control name="boundary" type="boundary">
			<rect>
				<left num="8" width="0"/>
				<right num="16" width="1"/>
				<top num="75" height="0"/>
				<bottom num="29" height="1"/>
			</rect>
		</control>
		<control name="minmax-main" type="minmax">
			<background name="flat">
				<source name="window" left="0" right="60" top="531" bottom="556"/>
				<rect>
					<left num="0" width="0"/>
					<right num="0" width="1"/>
					<top num="0" height="0"/>
					<bottom num="0" height="1"/>
				</rect>
			</background>
			<background name="push">
				<source name="window" left="0" right="60" top="556" bottom="581"/>
				<rect>
					<left num="0" width="0"/>
					<right num="0" width="1"/>
					<top num="0" height="0"/>
					<bottom num="0" height="1"/>
				</rect>
			</background>
			<mainregion>
			</mainregion>
			<button num="0" offset="0" size="17"/>
			<button num="1" offset="18" size="17"/>
			<button num="2" offset="36" size="17"/>
		</control>	

		<control name="scrollup-console" type="button">
			<background name="flat">
				<source name="scrollbar" left="40" right="56" top="0" bottom="16"/>
				<rect><left num="0" width="0"/><right num="0" width="1"/><top num="0" height="0"/><bottom num="0" height="1"/></rect>
			</background>
			<background name="push">
				<source name="scrollbar" left="57" right="73" top="0" bottom="16"/>
				<rect><left num="0" width="0"/><right num="0" width="1"/><top num="0" height="0"/><bottom num="0" height="1"/></rect>
			</background>
			<background name="over">
				<source name="scrollbar" left="74" right="90" top="0" bottom="16"/>
				<rect><left num="0" width="0"/><right num="0" width="1"/><top num="0" height="0"/><bottom num="0" height="1"/></rect>
			</background>
		</control>
		
		<control name="scrolldown-console" type="button">
			<background name="flat">
				<source name="scrollbar" left="40" right="56" top="54" bottom="70"/>
				<rect><left num="0" width="0"/><right num="0" width="1"/><top num="0" height="0"/><bottom num="0" height="1"/></rect>
			</background>
			<background name="push">
				<source name="scrollbar" left="57" right="73" top="54" bottom="70"/>
				<rect><left num="0" width="0"/><right num="0" width="1"/><top num="0" height="0"/><bottom num="0" height="1"/></rect>
			</background>
			<background name="over">
				<source name="scrollbar" left="74" right="90" top="54" bottom="70"/>
				<rect><left num="0" width="0"/><right num="0" width="1"/><top num="0" height="0"/><bottom num="0" height="1"/></rect>
			</background>
		</control>

		<control name="scroll-console" type="scrollbar">
			<background name="background">
				<source name="scrollbar" left="0" right="16" top="0" bottom="10"/>
				<rect><left num="0" width="0"/><right num="0" width="1"/><top num="0" height="0"/><bottom num="0" height="1"/></rect>
			</background>

			<background name="top_thumb_flat">
				<source name="scrollbar" left="40" right="56" top="16" bottom="18"/>
				<rect><left num="0" width="0"/><right num="0" width="1"/><top num="0" height="0"/><bottom num="0" height="1"/></rect>
			</background>
			<background name="mid_thumb_flat">
				<source name="scrollbar" left="40" right="56" top="19" bottom="20"/>
				<rect><left num="0" width="0"/><right num="0" width="1"/><top num="0" height="0"/><bottom num="0" height="1"/></rect>
			</background>
			<background name="bot_thumb_flat">
				<source name="scrollbar" left="40" right="56" top="51" bottom="53"/>
				<rect><left num="0" width="0"/><right num="0" width="1"/><top num="0" height="0"/><bottom num="0" height="1"/></rect>
			</background>

			<background name="top_thumb_push">
				<source name="scrollbar" left="40" right="56" top="16" bottom="18"/>
				<rect><left num="0" width="0"/><right num="0" width="1"/><top num="0" height="0"/><bottom num="0" height="1"/></rect>
			</background>
			<background name="mid_thumb_push">
				<source name="scrollbar" left="40" right="56" top="19" bottom="20"/>
				<rect><left num="0" width="0"/><right num="0" width="1"/><top num="0" height="0"/><bottom num="0" height="1"/></rect>
			</background>
			<background name="bot_thumb_push">
				<source name="scrollbar" left="40" right="56" top="51" bottom="53"/>
				<rect><left num="0" width="0"/><right num="0" width="1"/><top num="0" height="0"/><bottom num="0" height="1"/></rect>
			</background>

			<background name="top_thumb_over">
				<source name="scrollbar" left="40" right="56" top="16" bottom="18"/>
				<rect><left num="0" width="0"/><right num="0" width="1"/><top num="0" height="0"/><bottom num="0" height="1"/></rect>
			</background>
			<background name="mid_thumb_over">
				<source name="scrollbar" left="40" right="56" top="19" bottom="20"/>
				<rect><left num="0" width="0"/><right num="0" width="1"/><top num="0" height="0"/><bottom num="0" height="1"/></rect>
			</background>
			<background name="bot_thumb_over">
				<source name="scrollbar" left="40" right="56" top="51" bottom="53"/>
				<rect><left num="0" width="0"/><right num="0" width="1"/><top num="0" height="0"/><bottom num="0" height="1"/></rect>
			</background>

		</control>

		<control name="channels-drawer" type="channels">			
			<color name="hover-back"  red="0"  green="0"   blue="0"/>
			<color name="hover-fore"  red="255" green="255" blue="255"/>
			<color name="select-back" red="0"  green="0"   blue="0"/>
			<color name="select-fore" red="255" green="255" blue="255"/>
			<color name="normal-back" red="0"   green="0"  blue="0"/>
			<color name="normal-fore" red="207" green="207" blue="207"/>
		</control>

		<control name="mystuff-drawer" type="list">
			<color name="hover-back"  red="0"  green="0"   blue="0"/>
			<color name="hover-fore"  red="255" green="255" blue="255"/>
			<color name="select-back" red="0"  green="0"   blue="0"/>
			<color name="select-fore" red="255" green="255" blue="255"/>
			<color name="normal-back" red="0"   green="0"  blue="0"/>
			<color name="normal-fore" red="207" green="207" blue="207"/>
		</control>	
		<drawer source="drawer" name="drawer" attach="right" visible="1">
			<rect>
			<top num="20" height="0"/>
			<bottom num="20" height="1"/>
			</rect>
		</drawer>

	</prefs>

	<!--~~~~~~~~~~~~~~~~~~~~~~~~~~~~~~~~~~~~~~~~~~~~~~~~~~~~~~~~-->
	<!--~~~~~~~~~~~~~~~~~~~~~~~~~~~~~~~~~~~~~~~~~~~~~~~~~~~~~~~~-->
	<!--~~~~~~~~~~~~~~~~~~~~~~~~~~~~~~~~~~~~~~~~~~~~~~~~~~~~~~~~-->
	<!--~~~~~~				drawer								  ~~~~~~~-->
	<!--~~~~~~~~~~~~~~~~~~~~~~~~~~~~~~~~~~~~~~~~~~~~~~~~~~~~~~~~-->
	<!--~~~~~~~~~~~~~~~~~~~~~~~~~~~~~~~~~~~~~~~~~~~~~~~~~~~~~~~~-->
	<!--~~~~~~~~~~~~~~~~~~~~~~~~~~~~~~~~~~~~~~~~~~~~~~~~~~~~~~~~-->

	<component name="drawer" maxx="400">
		<background name="upperleft_corner">
			<source name="drawer" left="0" right="77" top="0" bottom="48"/>
			<rect>
				<left num="0" width="0"/>
				<right num="77" width="0"/>
				<top num="0" height="0"/>
				<bottom num="48" height="0"/>
			</rect>
		</background>
		<background name="upperleft">
			<source name="drawer" left="0" right="3" top="47" bottom="150"/>
			<rect>
				<left num="0" width="0"/>
				<right num="3" width="0"/>
				<top num="47" height="0"/>
				<bottom num="0" height="0"/>
			</rect>
		</background>
		<background name="upper">
			<source name="drawer" left="77" right="144" top="0" bottom="48"/>
			<rect>
				<left num="77" width="0"/>
				<right num="79" width="1"/>
				<top num="0" height="0"/>
				<bottom num="48" height="0"/>
			</rect>
		</background>
		<background name="upperright">
			<source name="drawer"  left="209" right="217" top="370" bottom="382"/>
			<rect>
				<left num="8" width="1"/>
				<right num="0" width="1"/>
				<top num="48" height="0"/>
				<bottom num="29" height="1"/>
			</rect>
		</background>
		<background name="upperright_corner">
			<source name="drawer" left="138" right="212" top="0" bottom="48"/>
			<rect>
				<left num="79" width="1"/>
				<right num="5" width="1"/>
				<top num="0" height="0"/>
				<bottom num="48" height="0"/>
			</rect>
		</background>
		<background name="left">
			<source name="drawer" left="0" right="96" top="149" bottom="173"/>
			<rect>
				<left num="0" width="0"/>
				<right num="96" width="0"/>
				<top num="0" height="0"/>
				<bottom num="0" height="0"/>
			</rect>
		</background>
		<background name="middle">
			<source name="drawer" left="96" right="175" top="149" bottom="173"/>
			<rect>
				<left num="96" width="0"/>
				<right num="22" width="1"/>
				<top num="0" height="0"/>
				<bottom num="0" height="0"/>
			</rect>
		</background>		
		<background name="right">
			<source name="drawer" left="195" right="212" top="149" bottom="173"/>
			<rect>
				<left num="22" width="1"/>
				<right num="5" width="1"/>
				<top num="0" height="0"/>
				<bottom num="0" height="0"/>
			</rect>
		</background>
		<background name="lowerleft">
			<source name="drawer" left="0" right="6" top="47" bottom="150"/>
			<rect>
				<left num="0" width="0"/>
				<right num="6" width="0"/>
				<top num="0" height="0"/>
				<bottom num="6" height="1"/>
			</rect>
		</background>
		<background name="lowerleft_corner">
			<source name="drawer" left="0" right="1" top="402" bottom="408"/>
			<rect>
				<left num="0" width="0"/>
				<right num="1" width="0"/>
				<top num="6" height="1"/>
				<bottom num="0" height="1"/>
			</rect>
		</background>
		<background name="lower">
			<source name="drawer" left="6" right="172" top="379" bottom="408"/>
			<rect>
				<left num="0" width="0"/>
				<right num="20" width="1"/>
				<top num="29" height="1"/>
				<bottom num="0" height="1"/>
			</rect>
		</background>
		<background name="lowerright">
			<source name="drawer"  left="190" right="217" top="370" bottom="382"/>
			<rect>
				<left num="27" width="1"/>
				<right num="0" width="1"/>
				<top num="27" height="1"/>
				<bottom num="26" height="1"/>
			</rect>
		</background>
		<background name="lowerright_corner">
			<source name="drawer" left="190" right="217" top="382" bottom="408"/>
			<rect>
				<left num="27" width="1"/>
				<right num="0" width="1"/>
				<top num="26" height="1"/>
				<bottom num="0" height="1"/>
			</rect>
		</background>

		<background name="tab">
			<source name="tab" left="0" right="5" top="0" bottom="1200"/>
			<rect>
				<left num="5" width="1"/>
				<right num="0" width="1"/>
				<top num="0" height="0"/>
				<bottom num="0" height="1"/>
			</rect>
		</background>

		<mainregion>
			<!-- Main Region -->
			<region type="rectangle" combinetype="or">
				<rect>
					<left num="0" width="0"/>
					<right num="0" width="1"/>
					<top num="0" height="0"/>
					<bottom num="0" height="1"/>
				</rect>
			</region>
		</mainregion>

		<icontrol source="mystuff-drawer" name="my stuff" visible="1">
			<rect>
				<left num="3" width="0"/>
				<right num="24" width="1"/>
				<top num="48" height="0"/>
<!-- not used -->
				<bottom num="150" height="0"/>
<!-- not used -->
			</rect>
		</icontrol>
		<!-- Used for 0.62 compatibility -->
		<icontrol source="favorites-drawer" name="favorites" visible="0">
			<rect>
				<left num="0" width="0"/><right num="0" width="0"/>
				<top num="0" height="0"/><bottom num="0" height="0"/>
			</rect>
		</icontrol>
		<!-- End Used for 0.62 compatibility -->
		<icontrol source="scrollup-console" name="scrollup-mystuff" visible="1">
			<rect>
				<left num="24" width="1"/>
				<right num="8" width="1"/>
				<top num="174" height="0"/>
				<bottom num="190" height="0"/>
			</rect>
		</icontrol>
		<icontrol source="scroll-console" name="scrollbar-mystuff" visible="1">
			<rect>
				<left num="24" width="1"/>
				<right num="8" width="1"/>
				<top num="190" height="0"/>
				<bottom num="45" height="1"/>
			</rect>
		</icontrol>
		<icontrol source="scrolldown-console" name="scrolldown-mystuff" visible="1">
			<rect>
				<left num="24" width="1"/>
				<right num="8" width="1"/>
				<top num="45" height="1"/>
				<bottom num="29" height="1"/>
			</rect>
		</icontrol>
		<icontrol source="channels-drawer" name="channels" visible="1">
			<rect>
				<left num="3" width="0"/>
				<right num="24" width="1"/>
				<!-- not used -->
				<top num="174" height="0"/>
				<!-- not used -->
				<bottom num="29" height="1"/>
			</rect>
		</icontrol>

		<icontrol source="scrollup-console" name="scrollup" visible="1">
			<rect>
				<left num="24" width="1"/>
				<right num="8" width="1"/>
				<top num="174" height="0"/>
				<bottom num="190" height="0"/>
			</rect>
		</icontrol>
		<icontrol source="scroll-console" name="scrollbar" visible="1">
			<rect>
				<left num="24" width="1"/>
				<right num="8" width="1"/>
				<top num="190" height="0"/>
				<bottom num="45" height="1"/>
			</rect>
		</icontrol>
		<icontrol source="scrolldown-console" name="scrolldown" visible="1">
			<rect>
				<left num="24" width="1"/>
				<right num="8" width="1"/>
				<top num="45" height="1"/>
				<bottom num="29" height="1"/>
			</rect>
		</icontrol>

	</component>


</trillian>
